FOTU_1,
FOTU_2,Fungi,Ascomycota,Sordariomycetes,Hypocreales,Nectriaceae,Fusarium
FOTU_3,Fungi,Ascomycota,Dothideomycetes,Capnodiales,Cladosporiaceae,Cladosporium
FOTU_6,
FOTU_5,Fungi,Mortierellomycota,Mortierellomycetes,Mortierellales,Mortierellaceae,Linnemannia,Linnemannia_elongata
FOTU_4,Fungi,Mortierellomycota,Mortierellomycetes,Mortierellales,Mortierellaceae
FOTU_7,Fungi,Ascomycota,Sordariomycetes,Hypocreales
FOTU_16,Fungi,Ascomycota,Sordariomycetes,Hypocreales,Nectriaceae,Fusarium,Fusarium_neocosmosporiellum
FOTU_19,Fungi,Ascomycota,Sordariomycetes,Sordariales,Chaetomiaceae,Humicola,Humicola_sardiniae
FOTU_12,Fungi,Mortierellomycota,Mortierellomycetes,Mortierellales,Mortierellaceae,Mortierella
FOTU_22,Fungi,Ascomycota,Eurotiomycetes,Eurotiales,Aspergillaceae
FOTU_9,Fungi,Ascomycota,Eurotiomycetes,Eurotiales,Aspergillaceae,Talaromyces
FOTU_8,
FOTU_24,
FOTU_25,Mocki,Mockimycota,Mockimycetes,Mockiales,Mockiaceae,Mock,mock3
FOTU_27,Fungi,Ascomycota,Eurotiomycetes,Eurotiales,Aspergillaceae,Talaromyces,Talaromyces_purpureogenus
FOTU_30,Mocki,Mockimycota,Mockimycetes,Mockiales,Mockiaceae,Mock,mock7
FOTU_31,
FOTU_29,
FOTU_14,
FOTU_11,
FOTU_28,Fungi,Ascomycota,Eurotiomycetes,Eurotiales,Aspergillaceae
FOTU_13,Fungi,Ascomycota,Dothideomycetes,Pleosporales,Pleosporaceae,Alternaria
FOTU_26,Fungi,Ascomycota,Sordariomycetes,Sordariales,Chaetomiaceae,Humicola,Humicola_sardiniae
FOTU_17,Fungi,Ascomycota,Sordariomycetes,Hypocreales,Bionectriaceae,Clonostachys,Clonostachys_rosea
FOTU_23,Mocki,Mockimycota,Mockimycetes,Mockiales,Mockiaceae,Mock,mock8
FOTU_21,Fungi,Mortierellomycota,Mortierellomycetes,Mortierellales,Mortierellaceae,Mortierella,Mortierella_alpina
FOTU_15,Fungi,Ascomycota,Sordariomycetes,Hypocreales,Nectriaceae,Fusarium,Fusarium_equiseti
FOTU_10,Fungi,Ascomycota,Sordariomycetes,Hypocreales,Hypocreaceae,Trichoderma
FOTU_39,Fungi,Ascomycota,Eurotiomycetes,Chaetothyriales,Herpotrichiellaceae,Exophiala
FOTU_48,
FOTU_32,
FOTU_45,
FOTU_33,
FOTU_36,
FOTU_38,Fungi,Ascomycota,Sordariomycetes,Hypocreales,Nectriaceae,Fusarium
FOTU_34,
FOTU_44,Mocki,Mockimycota,Mockimycetes,Mockiales,Mockiaceae,Mock,mock11
FOTU_43,Fungi,Ascomycota,Eurotiomycetes,Eurotiales,Aspergillaceae,Penicillium
FOTU_40,
FOTU_53,
FOTU_41,
FOTU_49,Mocki,Mockimycota,Mockimycetes,Mockiales,Mockiaceae,Mock,mock2
FOTU_52,Mocki,Mockimycota,Mockimycetes,Mockiales,Mockiaceae,Mock,mock11
FOTU_47,
FOTU_37,Fungi,Mortierellomycota,Mortierellomycetes,Mortierellales,Mortierellaceae,Mortierella
FOTU_46,
FOTU_50,
FOTU_35,Fungi,Ascomycota,Sordariomycetes,Hypocreales,Nectriaceae,Fusarium
FOTU_42,
FOTU_51,Fungi,Ascomycota,Sordariomycetes,Hypocreales
FOTU_18,Mocki,Mockimycota,Mockimycetes,Mockiales,Mockiaceae,Mock
FOTU_74,
FOTU_54,
FOTU_56,Fungi,Ascomycota,Sordariomycetes,Hypocreales,Hypocreaceae,Trichoderma
FOTU_59,
FOTU_60,
FOTU_57,
FOTU_64,
FOTU_70,
FOTU_63,
FOTU_72,
FOTU_61,
FOTU_62,
FOTU_58,Fungi,Ascomycota,Sordariomycetes,Hypocreales,Nectriaceae,Fusarium
FOTU_73,Mocki,Mockimycota,Mockimycetes,Mockiales,Mockiaceae,Mock,mock3
FOTU_67,
FOTU_71,
FOTU_68,
FOTU_55,Fungi,Ascomycota,Sordariomycetes,Hypocreales,Nectriaceae,Fusarium
FOTU_66,
FOTU_69,
FOTU_65,Fungi,Mortierellomycota,Mortierellomycetes,Mortierellales,Mortierellaceae,Linnemannia
FOTU_75,Fungi,Ascomycota,Sordariomycetes,Hypocreales,Nectriaceae,Fusarium
FOTU_76,Fungi,Ascomycota,Sordariomycetes,Sordariales,Chaetomiaceae,Humicola,Humicola_sardiniae
FOTU_78,
FOTU_79,
FOTU_81,
FOTU_83,
FOTU_80,
FOTU_87,
FOTU_89,
FOTU_93,
FOTU_82,
FOTU_85,
FOTU_88,
FOTU_95,
FOTU_77,
FOTU_92,
FOTU_84,
FOTU_91,Fungi,Ascomycota,Sordariomycetes,Hypocreales,Hypocreaceae,Trichoderma
FOTU_96,
FOTU_94,
FOTU_90,Fungi,Ascomycota,Sordariomycetes,Hypocreales,Hypocreaceae,Trichoderma
FOTU_97,
FOTU_86,
FOTU_130,
FOTU_150,
FOTU_162,Fungi,Ascomycota,Sordariomycetes,Sordariales,Chaetomiaceae,Humicola,Humicola_sardiniae
FOTU_154,
FOTU_140,
FOTU_166,
FOTU_149,
FOTU_128,
FOTU_138,
FOTU_167,
FOTU_125,
FOTU_158,
FOTU_136,
FOTU_168,
FOTU_144,
FOTU_169,
FOTU_148,
FOTU_153,
FOTU_135,
FOTU_164,
FOTU_137,
FOTU_142,Fungi,Mortierellomycota,Mortierellomycetes,Mortierellales,Mortierellaceae,Mortierella
FOTU_155,
FOTU_147,
FOTU_131,
FOTU_134,
FOTU_127,
FOTU_163,
FOTU_156,
FOTU_160,
FOTU_122,Fungi,Mortierellomycota,Mortierellomycetes,Mortierellales,Mortierellaceae,Mortierella
FOTU_129,
FOTU_126,
FOTU_141,
FOTU_145,Fungi,Ascomycota,Sordariomycetes,Hypocreales,Nectriaceae,Fusarium
FOTU_161,
FOTU_123,
FOTU_132,
FOTU_139,
FOTU_133,
FOTU_152,
FOTU_124,
FOTU_159,
FOTU_165,
FOTU_143,Fungi,Ascomycota,Sordariomycetes,Hypocreales
FOTU_146,Fungi,Ascomycota,Sordariomycetes,Hypocreales
FOTU_157,
FOTU_195,
FOTU_194,
FOTU_151,
FOTU_228,
FOTU_230,
FOTU_226,
FOTU_232,
FOTU_222,
FOTU_231,
FOTU_224,
FOTU_233,
FOTU_227,
FOTU_223,
FOTU_234,Fungi,Ascomycota,Sordariomycetes,Glomerellales,Plectosphaerellaceae,Gibellulopsis,Gibellulopsis_piscis
FOTU_229,
FOTU_225,
FOTU_206,
FOTU_170,
FOTU_242,
FOTU_176,Fungi,Ascomycota,Sordariomycetes,Sordariales,Chaetomiaceae
FOTU_207,
FOTU_211,
FOTU_173,
FOTU_203,
FOTU_208,
FOTU_174,
FOTU_237,
FOTU_202,
FOTU_219,
FOTU_236,
FOTU_245,
FOTU_177,
FOTU_181,Fungi,Ascomycota,Eurotiomycetes,Chaetothyriales,Herpotrichiellaceae,Exophiala
FOTU_192,
FOTU_184,
FOTU_216,
FOTU_209,
FOTU_179,
FOTU_212,
FOTU_214,
FOTU_240,
FOTU_198,
FOTU_239,
FOTU_201,
FOTU_213,
FOTU_189,
FOTU_197,
FOTU_199,
FOTU_196,
FOTU_238,
FOTU_244,
FOTU_190,
FOTU_248,
FOTU_191,
FOTU_171,
FOTU_178,
FOTU_215,
FOTU_220,
FOTU_187,Mocki,Mockimycota,Mockimycetes,Mockiales,Mockiaceae,Mock,mock1
FOTU_183,
FOTU_193,Fungi,Mortierellomycota,Mortierellomycetes,Mortierellales,Mortierellaceae,Mortierella
FOTU_182,
FOTU_217,
FOTU_210,
FOTU_172,
FOTU_175,
FOTU_185,
FOTU_243,
FOTU_180,
FOTU_186,
FOTU_200,Fungi,Ascomycota,Sordariomycetes,Hypocreales,Nectriaceae,Fusarium
FOTU_188,
FOTU_247,
FOTU_204,
FOTU_218,Fungi,Mortierellomycota,Mortierellomycetes,Mortierellales,Mortierellaceae,Linnemannia,Linnemannia_gamsii
FOTU_235,
FOTU_246,
FOTU_205,
FOTU_241,
FOTU_221,
FOTU_329,
FOTU_343,
FOTU_320,
FOTU_331,
FOTU_313,
FOTU_317,Fungi,Ascomycota,Sordariomycetes,Sordariales,Chaetomiaceae
FOTU_316,
FOTU_332,
FOTU_330,
FOTU_315,
FOTU_340,
FOTU_311,
FOTU_333,
FOTU_310,
FOTU_321,
FOTU_337,
FOTU_334,
FOTU_312,
FOTU_323,
FOTU_318,
FOTU_326,
FOTU_328,
FOTU_335,Fungi,Ascomycota,Sordariomycetes,Sordariales,Chaetomiaceae,Humicola,Humicola_sardiniae
FOTU_338,
FOTU_336,
FOTU_341,
FOTU_325,
FOTU_314,
FOTU_327,
FOTU_342,
FOTU_319,
FOTU_322,
FOTU_324,
FOTU_339,
FOTU_357,
FOTU_360,
FOTU_361,
FOTU_348,
FOTU_369,
FOTU_366,
FOTU_364,
FOTU_355,
FOTU_349,
FOTU_367,
FOTU_344,
FOTU_371,
FOTU_359,
FOTU_353,
FOTU_375,
FOTU_373,
FOTU_372,
FOTU_351,Fungi,Mortierellomycota,Mortierellomycetes,Mortierellales,Mortierellaceae,Mortierella
FOTU_393,
FOTU_363,Fungi,Basidiomycota,Tremellomycetes,Filobasidiales,Filobasidiaceae,Filobasidium
FOTU_345,
FOTU_368,
FOTU_391,
FOTU_352,
FOTU_356,
FOTU_354,
FOTU_370,
FOTU_350,
FOTU_392,
FOTU_346,
FOTU_394,Fungi,Ascomycota,Sordariomycetes,Hypocreales,Sesquicillium
FOTU_376,Fungi,Basidiomycota,Tremellomycetes,Filobasidiales,Filobasidiaceae,Filobasidium
FOTU_347,
FOTU_362,
FOTU_358,
FOTU_365,
FOTU_396,
FOTU_255,
FOTU_251,
FOTU_287,
FOTU_259,
FOTU_296,
FOTU_388,
FOTU_292,
FOTU_252,
FOTU_281,
FOTU_265,
FOTU_374,
FOTU_297,
FOTU_263,
FOTU_249,Fungi,Ascomycota,Sordariomycetes,Hypocreales,Hypocreaceae,Trichoderma
FOTU_253,
FOTU_293,
FOTU_256,
FOTU_262,
FOTU_294,
FOTU_291,
FOTU_266,Fungi,Ascomycota,Sordariomycetes,Hypocreales,Hypocreaceae,Trichoderma
FOTU_402,
FOTU_269,
FOTU_257,
FOTU_400,Fungi,Ascomycota,Sordariomycetes,Glomerellales,Plectosphaerellaceae,Gibellulopsis,Gibellulopsis_piscis
FOTU_387,
FOTU_301,
FOTU_267,
FOTU_288,
FOTU_260,
FOTU_270,
FOTU_264,
FOTU_278,
FOTU_406,
FOTU_273,
FOTU_401,
FOTU_274,
FOTU_250,
FOTU_254,
FOTU_403,
FOTU_271,
FOTU_258,Fungi,Ascomycota,Sordariomycetes,Hypocreales,Hypocreaceae,Trichoderma
FOTU_302,
FOTU_307,
FOTU_272,
FOTU_298,Fungi,Ascomycota,Sordariomycetes,Hypocreales,Nectriaceae,Fusarium
FOTU_282,
FOTU_300,
FOTU_261,
FOTU_283,
FOTU_304,
FOTU_405,
FOTU_389,
FOTU_290,
FOTU_268,
FOTU_276,
FOTU_275,Fungi,Ascomycota,Dothideomycetes,Botryosphaeriales,Botryosphaeriaceae,Macrophomina,Macrophomina_phaseolina
FOTU_382,
FOTU_408,
FOTU_306,
FOTU_415,
FOTU_414,
FOTU_303,
FOTU_412,
FOTU_277,
FOTU_286,
FOTU_398,
FOTU_399,
FOTU_395,
FOTU_279,
FOTU_410,
FOTU_404,
FOTU_284,
FOTU_407,
FOTU_285,
FOTU_295,
FOTU_409,
FOTU_280,Fungi,Ascomycota,Sordariomycetes,Sordariales,Chaetomiaceae
FOTU_380,
FOTU_377,
FOTU_386,
FOTU_418,
FOTU_379,Fungi,Ascomycota,Saccharomycetes,Saccharomycetales,Debaryomycetaceae,Debaryomyces
FOTU_299,
FOTU_411,
FOTU_383,
FOTU_378,
FOTU_413,
FOTU_417,Fungi,Ascomycota,Sordariomycetes,Sordariales,Chaetomiaceae,Pseudothielavia,Pseudothielavia_arxii
FOTU_416,
FOTU_289,
FOTU_309,
FOTU_305,
FOTU_384,
FOTU_381,
FOTU_308,
FOTU_385,
FOTU_390,
FOTU_397,
FOTU_419,
FOTU_426,
FOTU_420,Fungi,Basidiomycota,Microbotryomycetes,Leucosporidiales,Leucosporidiaceae,Leucosporidium,Leucosporidium_golubevii
FOTU_447,
FOTU_421,Fungi,Ascomycota,Dothideomycetes,Pleosporales
FOTU_424,
FOTU_434,
FOTU_430,
FOTU_423,
FOTU_439,
FOTU_427,
FOTU_436,
FOTU_438,
FOTU_435,
FOTU_425,
FOTU_433,
FOTU_432,
FOTU_437,
FOTU_422,Fungi,Mortierellomycota,Mortierellomycetes,Mortierellales,Mortierellaceae,Linnemannia
FOTU_445,
FOTU_450,
FOTU_448,
FOTU_429,
FOTU_441,
FOTU_472,
FOTU_455,Fungi,Ascomycota,Eurotiomycetes,Eurotiales,Aspergillaceae,Penicillium
FOTU_443,
FOTU_458,Fungi,Ascomycota,Dothideomycetes,Mycosphaerellales,Mycosphaerellaceae,Zymoseptoria
FOTU_486,
FOTU_444,
FOTU_431,
FOTU_475,
FOTU_473,
FOTU_446,
FOTU_442,
FOTU_428,
FOTU_479,
FOTU_457,
FOTU_485,
FOTU_449,
FOTU_471,
FOTU_456,
FOTU_465,
FOTU_491,
FOTU_453,
FOTU_461,
FOTU_452,
FOTU_487,
FOTU_462,
FOTU_476,
FOTU_483,
FOTU_451,
FOTU_493,
FOTU_454,
FOTU_469,
FOTU_464,
FOTU_468,
FOTU_489,
FOTU_467,Fungi,Ascomycota,Sordariomycetes,Glomerellales,Glomerellaceae,Colletotrichum
FOTU_459,
FOTU_481,
FOTU_440,
FOTU_466,
FOTU_470,Fungi,Ascomycota,Dothideomycetes,Pleosporales
FOTU_463,
FOTU_477,
FOTU_474,
FOTU_494,
FOTU_511,
FOTU_509,
FOTU_480,
FOTU_497,
FOTU_496,
FOTU_504,
FOTU_498,
FOTU_98,Fungi,Ascomycota,Sordariomycetes,Hypocreales,Hypocreaceae,Trichoderma,Trichoderma_turrialbense
FOTU_500,
FOTU_488,
FOTU_503,
FOTU_508,Fungi,Basidiomycota,Microbotryomycetes,Leucosporidiales,Leucosporidiaceae,Leucosporidium,Leucosporidium_intermedium
FOTU_506,
FOTU_478,
FOTU_495,
FOTU_492,Fungi,Ascomycota,Sordariomycetes,Hypocreales
FOTU_501,
FOTU_490,
FOTU_482,
FOTU_460,Fungi,Ascomycota,Sordariomycetes,Hypocreales,Nectriaceae,Fusarium,Fusarium_neocosmosporiellum
FOTU_502,
FOTU_510,
FOTU_518,
FOTU_499,
FOTU_484,
FOTU_514,
FOTU_513,
FOTU_99,
FOTU_505,
FOTU_517,Fungi,Mortierellomycota,Mortierellomycetes,Mortierellales,Mortierellaceae,Linnemannia,Linnemannia_elongata
FOTU_516,
FOTU_507,
FOTU_515,
FOTU_512,
FOTU_103,
FOTU_522,
FOTU_100,
FOTU_520,
FOTU_525,
FOTU_112,Fungi,Ascomycota,Sordariomycetes,Sordariales,Chaetomiaceae
FOTU_108,
FOTU_526,
FOTU_534,
FOTU_115,
FOTU_548,
FOTU_551,
FOTU_101,
FOTU_530,Fungi,Ascomycota,Sordariomycetes,Hypocreales,Nectriaceae
FOTU_541,
FOTU_114,
FOTU_544,
FOTU_561,
FOTU_528,
FOTU_535,
FOTU_556,
FOTU_559,
FOTU_527,
FOTU_573,
FOTU_560,
FOTU_539,
FOTU_111,
FOTU_546,Fungi,Ascomycota,Eurotiomycetes,Eurotiales,Aspergillaceae,Penicillium
FOTU_105,
FOTU_529,
FOTU_106,
FOTU_555,Fungi,Ascomycota,Sordariomycetes,Hypocreales
FOTU_569,
FOTU_533,
FOTU_542,
FOTU_563,
FOTU_547,
FOTU_592,
FOTU_564,
FOTU_571,Fungi,Basidiomycota,Microbotryomycetes,Leucosporidiales,Leucosporidiaceae,Leucosporidium,Leucosporidium_golubevii
FOTU_553,
FOTU_519,
FOTU_606,
FOTU_558,
FOTU_538,
FOTU_577,Fungi,Ascomycota,Sordariomycetes,Hypocreales,Nectriaceae,Fusarium
FOTU_523,
FOTU_600,
FOTU_590,
FOTU_579,
FOTU_104,Fungi,Mortierellomycota,Mortierellomycetes,Mortierellales,Mortierellaceae,Mortierella,Mortierella_alpina
FOTU_582,
FOTU_581,
FOTU_601,
FOTU_595,
FOTU_593,
FOTU_612,
FOTU_554,
FOTU_110,Fungi,Ascomycota,Sordariomycetes,Hypocreales,Sarocladium,Sarocladium_zeae
FOTU_545,Fungi,Ascomycota,Sordariomycetes,Sordariales,Chaetomiaceae,Humicola,Humicola_sardiniae
FOTU_552,
FOTU_537,
FOTU_102,Fungi,Ascomycota,Dothideomycetes,Pleosporales
FOTU_583,
FOTU_113,
FOTU_594,
FOTU_120,Fungi,Ascomycota,Sordariomycetes,Hypocreales,Nectriaceae,Fusarium
FOTU_598,
FOTU_531,
FOTU_557,
FOTU_589,
FOTU_605,
FOTU_604,
FOTU_614,
FOTU_574,
FOTU_568,
FOTU_591,
FOTU_608,
FOTU_588,
FOTU_117,
FOTU_567,
FOTU_543,
FOTU_536,
FOTU_575,
FOTU_609,
FOTU_572,
FOTU_524,
FOTU_521,
FOTU_109,
FOTU_565,
FOTU_549,
FOTU_566,
FOTU_587,
FOTU_607,
FOTU_20,Mocki,Mockimycota,Mockimycetes,Mockiales,Mockiaceae,Mock
FOTU_118,
FOTU_540,
FOTU_119,
FOTU_550,Fungi,Ascomycota,Eurotiomycetes,Eurotiales,Aspergillaceae,Penicillium
FOTU_532,
FOTU_562,
FOTU_584,
FOTU_611,
FOTU_586,
FOTU_107,
FOTU_576,
FOTU_616,
FOTU_617,
FOTU_580,
FOTU_620,
FOTU_615,
FOTU_621,
FOTU_116,Fungi,Ascomycota,Sordariomycetes,Hypocreales,Hypocreaceae,Trichoderma
FOTU_597,
FOTU_599,
FOTU_585,
FOTU_578,
FOTU_121,
FOTU_570,Fungi,Ascomycota,Eurotiomycetes,Eurotiales,Aspergillaceae,Penicillium
FOTU_624,
FOTU_618,
FOTU_619,
FOTU_625,
FOTU_610,
FOTU_613,
FOTU_602,Fungi,Basidiomycota,Tremellomycetes,Filobasidiales,Filobasidiaceae,Filobasidium
FOTU_627,
FOTU_596,
FOTU_622,
FOTU_603,
FOTU_632,
FOTU_634,
FOTU_643,Fungi,Ascomycota,Sordariomycetes
FOTU_641,
FOTU_647,
FOTU_637,
FOTU_635,
FOTU_645,
FOTU_638,
FOTU_644,
FOTU_628,
FOTU_640,
FOTU_652,
FOTU_626,
FOTU_650,
FOTU_675,
FOTU_668,
FOTU_684,
FOTU_642,
FOTU_636,Fungi,Ascomycota,Sordariomycetes,Sordariales,Chaetomiaceae
FOTU_654,
FOTU_664,
FOTU_662,Fungi,Basidiomycota,Microbotryomycetes,Leucosporidiales,Leucosporidiaceae,Leucosporidium,Leucosporidium_intermedium
FOTU_680,
FOTU_648,Fungi,Ascomycota,Sordariomycetes,Hypocreales
FOTU_677,
FOTU_653,
FOTU_678,
FOTU_697,
FOTU_666,Fungi,Ascomycota,Sordariomycetes,Hypocreales,Hypocreaceae,Trichoderma
FOTU_646,
FOTU_630,Fungi,Ascomycota,Dothideomycetes,Pleosporales,Didymosphaeriaceae,Paraphaeosphaeria
FOTU_659,
FOTU_699,
FOTU_672,Fungi,Ascomycota,Sordariomycetes,Hypocreales,Nectriaceae,Fusarium
FOTU_655,
FOTU_629,
FOTU_687,
FOTU_689,
FOTU_651,
FOTU_665,
FOTU_714,
FOTU_656,Fungi,Ascomycota,Sordariomycetes,Sordariales,Chaetomiaceae,Humicola,Humicola_sardiniae
FOTU_674,
FOTU_716,
FOTU_661,
FOTU_688,
FOTU_657,
FOTU_700,Fungi,Mortierellomycota,Mortierellomycetes,Mortierellales,Mortierellaceae
FOTU_707,
FOTU_639,
FOTU_709,
FOTU_681,
FOTU_633,Fungi,Ascomycota,Sordariomycetes,Hypocreales,Hypocreaceae,Trichoderma
FOTU_669,
FOTU_673,
FOTU_690,Fungi,Ascomycota,Sordariomycetes,Glomerellales,Plectosphaerellaceae,Plectosphaerella
FOTU_683,
FOTU_693,
FOTU_694,
FOTU_711,
FOTU_663,
FOTU_703,
FOTU_691,
FOTU_719,
FOTU_676,
FOTU_701,
FOTU_631,
FOTU_649,
FOTU_667,
FOTU_718,
FOTU_698,
FOTU_658,
FOTU_623,
FOTU_686,
FOTU_695,
FOTU_712,
FOTU_670,
FOTU_722,
FOTU_704,
FOTU_682,
FOTU_708,
FOTU_696,
FOTU_727,
FOTU_728,
FOTU_735,
FOTU_713,
FOTU_730,
FOTU_737,
FOTU_706,
FOTU_692,Fungi,Ascomycota,Sordariomycetes,Sordariales,Chaetomiaceae,Humicola,Humicola_sardiniae
FOTU_720,
FOTU_736,
FOTU_660,
FOTU_705,
FOTU_745,
FOTU_685,
FOTU_724,
FOTU_723,
FOTU_717,
FOTU_743,
FOTU_740,
FOTU_739,
FOTU_729,
FOTU_679,
FOTU_726,Fungi,Mortierellomycota,Mortierellomycetes,Mortierellales,Mortierellaceae
FOTU_734,Fungi,Ascomycota,Sordariomycetes,Hypocreales,Nectriaceae,Fusarium
FOTU_702,Fungi,Basidiomycota,Microbotryomycetes,Leucosporidiales,Leucosporidiaceae,Leucosporidium,Leucosporidium_golubevii
FOTU_671,
FOTU_746,
FOTU_752,
FOTU_710,
FOTU_721,
FOTU_725,
FOTU_757,
FOTU_756,
FOTU_753,
FOTU_747,
FOTU_732,Fungi,Ascomycota,Sordariomycetes,Sordariales,Chaetomiaceae
FOTU_715,
FOTU_731,
FOTU_742,
FOTU_741,
FOTU_733,
FOTU_769,
FOTU_766,
FOTU_758,
FOTU_774,
FOTU_771,
FOTU_738,
FOTU_751,
FOTU_793,
FOTU_797,Fungi,Ascomycota,Sordariomycetes,Hypocreales
FOTU_791,
FOTU_788,
FOTU_759,
FOTU_796,
FOTU_760,
FOTU_767,
FOTU_764,
FOTU_782,
FOTU_790,
FOTU_765,
FOTU_749,
FOTU_794,
FOTU_776,
FOTU_773,
FOTU_803,
FOTU_795,
FOTU_781,
FOTU_779,
FOTU_748,
FOTU_780,
FOTU_775,
FOTU_823,
FOTU_783,
FOTU_744,
FOTU_770,
FOTU_777,
FOTU_828,
FOTU_792,
FOTU_762,
FOTU_802,
FOTU_799,
FOTU_817,Fungi,Ascomycota,Sordariomycetes,Sordariales,Chaetomiaceae,Humicola,Humicola_sardiniae
FOTU_787,
FOTU_789,
FOTU_820,
FOTU_763,
FOTU_834,
FOTU_818,
FOTU_835,
FOTU_750,
FOTU_784,
FOTU_761,
FOTU_833,
FOTU_755,
FOTU_804,
FOTU_829,
FOTU_785,
FOTU_808,
FOTU_768,
FOTU_800,
FOTU_815,
FOTU_831,
FOTU_824,
FOTU_754,
FOTU_778,
FOTU_786,
FOTU_819,
FOTU_814,
FOTU_825,
FOTU_832,Fungi,Ascomycota,Sordariomycetes,Hypocreales,Bionectriaceae,Clonostachys,Clonostachys_rosea
FOTU_855,
FOTU_805,
FOTU_843,
FOTU_844,
FOTU_813,
FOTU_807,
FOTU_827,
FOTU_842,Fungi,Ascomycota,Dothideomycetes,Pleosporales
FOTU_846,
FOTU_830,
FOTU_810,
FOTU_837,
FOTU_850,
FOTU_772,
FOTU_859,
FOTU_838,
FOTU_822,
FOTU_852,
FOTU_863,
FOTU_811,
FOTU_812,
FOTU_841,
FOTU_806,Fungi,Mortierellomycota,Mortierellomycetes,Mortierellales,Mortierellaceae
FOTU_861,
FOTU_867,
FOTU_848,
FOTU_801,
FOTU_862,
FOTU_868,
FOTU_853,
FOTU_866,
FOTU_836,
FOTU_864,
FOTU_840,
FOTU_851,
FOTU_816,
FOTU_849,
FOTU_865,
FOTU_845,
FOTU_798,
FOTU_854,
FOTU_809,
FOTU_878,
FOTU_858,
FOTU_876,
FOTU_826,
FOTU_839,
FOTU_873,
FOTU_885,
FOTU_856,
FOTU_860,
FOTU_875,
FOTU_886,
FOTU_821,Fungi,Ascomycota,Sordariomycetes,Hypocreales,Hypocreaceae,Trichoderma
FOTU_847,Fungi,Ascomycota,Dothideomycetes,Capnodiales,Cladosporiaceae,Cladosporium
FOTU_871,
FOTU_874,Fungi,Ascomycota,Sordariomycetes,Glomerellales,Glomerellaceae,Colletotrichum
FOTU_898,
FOTU_890,
FOTU_882,
FOTU_879,
FOTU_905,
FOTU_857,
FOTU_889,
FOTU_881,
FOTU_872,
FOTU_897,
FOTU_907,
FOTU_870,
FOTU_922,
FOTU_900,
FOTU_880,
FOTU_894,
FOTU_911,
FOTU_888,
FOTU_884,
FOTU_912,
FOTU_924,
FOTU_887,
FOTU_903,
FOTU_936,
FOTU_892,
FOTU_929,
FOTU_891,
FOTU_904,
FOTU_883,
FOTU_901,
FOTU_909,
FOTU_877,
FOTU_893,
FOTU_869,
FOTU_945,
FOTU_902,
FOTU_899,
FOTU_916,
FOTU_910,
FOTU_954,
FOTU_950,
FOTU_932,
FOTU_896,
FOTU_941,
FOTU_944,
FOTU_928,
FOTU_926,
FOTU_918,
FOTU_961,
FOTU_906,
FOTU_935,
FOTU_895,Fungi,Mortierellomycota,Mortierellomycetes,Mortierellales,Mortierellaceae
FOTU_915,
FOTU_919,
FOTU_920,
FOTU_934,
FOTU_960,
FOTU_923,Fungi,Ascomycota,Sordariomycetes,Sordariales,Chaetomiaceae
FOTU_913,Fungi,Ascomycota,Sordariomycetes,Hypocreales,Hypocreaceae,Trichoderma
FOTU_933,
FOTU_939,
FOTU_938,Fungi,Ascomycota,Sordariomycetes,Hypocreales,Nectriaceae
FOTU_908,
FOTU_930,
FOTU_943,
FOTU_937,
FOTU_962,
FOTU_953,Fungi,Ascomycota,Sordariomycetes,Sordariales,Chaetomiaceae
FOTU_963,
FOTU_925,
FOTU_957,
FOTU_914,
FOTU_968,
FOTU_967,
FOTU_942,
FOTU_978,
FOTU_964,
FOTU_980,
FOTU_947,
FOTU_979,
FOTU_921,
FOTU_965,
FOTU_946,
FOTU_952,
FOTU_931,
FOTU_917,
FOTU_958,
FOTU_982,
FOTU_948,
FOTU_927,
FOTU_975,
FOTU_949,
FOTU_956,Fungi,Ascomycota,Sordariomycetes,Hypocreales
FOTU_989,
FOTU_966,
FOTU_985,
FOTU_997,
FOTU_984,
FOTU_969,
FOTU_1002,
FOTU_983,
FOTU_995,
FOTU_993,
FOTU_977,
FOTU_986,
FOTU_1010,
FOTU_974,
FOTU_1000,
FOTU_998,
FOTU_1004,
FOTU_940,
FOTU_990,
FOTU_970,
FOTU_994,
FOTU_972,
FOTU_976,
FOTU_959,
FOTU_951,
FOTU_955,
FOTU_1009,
FOTU_996,
FOTU_987,
FOTU_1034,
FOTU_1017,
FOTU_1019,
FOTU_973,Fungi,Ascomycota,Sordariomycetes,Hypocreales
FOTU_988,
FOTU_1013,
FOTU_971,
FOTU_1008,
FOTU_1025,
FOTU_1007,Fungi,Ascomycota,Sordariomycetes,Sordariales,Chaetomiaceae
FOTU_981,Fungi,Ascomycota,Sordariomycetes,Sordariales,Chaetomiaceae,Humicola,Humicola_sardiniae
FOTU_1033,
FOTU_1001,
FOTU_1003,
FOTU_1016,Fungi,Ascomycota,Sordariomycetes,Hypocreales
FOTU_1026,
FOTU_1028,
FOTU_1021,
FOTU_1047,
FOTU_1006,Fungi,Ascomycota,Sordariomycetes,Hypocreales
FOTU_999,
FOTU_1038,
FOTU_1024,
FOTU_1045,
FOTU_1029,
FOTU_1020,
FOTU_1022,
FOTU_1035,
FOTU_1023,
FOTU_1031,
FOTU_992,
FOTU_1055,
FOTU_1059,
FOTU_1011,
FOTU_1053,
FOTU_991,Fungi,Ascomycota,Sordariomycetes,Sordariales,Chaetomiaceae,Humicola,Humicola_sardiniae
FOTU_1032,
FOTU_1057,
FOTU_1005,
FOTU_1064,Fungi,Ascomycota,Sordariomycetes,Hypocreales,Nectriaceae
FOTU_1058,
FOTU_1030,
FOTU_1018,
FOTU_1037,
FOTU_1027,Fungi,Ascomycota,Dothideomycetes,Pleosporales
FOTU_1079,
FOTU_1071,
FOTU_1075,
FOTU_1063,
FOTU_1044,
FOTU_1074,
FOTU_1087,
FOTU_1049,
FOTU_1050,
FOTU_1042,
FOTU_1080,
FOTU_1076,
FOTU_1039,
FOTU_1072,
FOTU_1036,
FOTU_1015,
FOTU_1062,
FOTU_1085,
FOTU_1061,
FOTU_1081,
FOTU_1077,
FOTU_1052,
FOTU_1060,
FOTU_1014,
FOTU_1043,
FOTU_1090,
FOTU_1046,
FOTU_1089,
FOTU_1070,
FOTU_1040,
FOTU_1069,
FOTU_1091,
FOTU_1066,
FOTU_1051,
FOTU_1065,
FOTU_1097,
FOTU_1078,
FOTU_1100,
FOTU_1096,
FOTU_1012,
FOTU_1098,Fungi,Ascomycota,Sordariomycetes,Sordariales,Chaetomiaceae,Humicola,Humicola_sardiniae
FOTU_1056,
FOTU_1083,Fungi,Ascomycota,Eurotiomycetes,Eurotiales,Aspergillaceae,Penicillium
FOTU_1092,
FOTU_1068,
FOTU_1088,
FOTU_1095,
FOTU_1111,
FOTU_1048,
FOTU_1082,
FOTU_1094,Fungi,Ascomycota,Sordariomycetes,Hypocreales
FOTU_1073,
FOTU_1054,
FOTU_1084,
FOTU_1105,
FOTU_1041,
FOTU_1109,
FOTU_1121,
FOTU_1099,
FOTU_1112,
FOTU_1067,
FOTU_1139,
FOTU_1133,
FOTU_1127,
FOTU_1086,
FOTU_1138,
FOTU_1134,
FOTU_1103,
FOTU_1108,
FOTU_1116,Fungi,Ascomycota,Dothideomycetes,Dothideales
FOTU_1118,
FOTU_1157,
FOTU_1147,Fungi,Mortierellomycota,Mortierellomycetes,Mortierellales,Mortierellaceae
FOTU_1146,
FOTU_1122,
FOTU_1125,
FOTU_1148,
FOTU_1102,
FOTU_1145,
FOTU_1107,
FOTU_1155,
FOTU_1132,
FOTU_1115,
FOTU_1136,
FOTU_1154,
FOTU_1106,
FOTU_1137,
FOTU_1162,
FOTU_1117,
FOTU_1168,
FOTU_1104,Fungi,Mortierellomycota,Mortierellomycetes,Mortierellales,Mortierellaceae,Mortierella,Mortierella_calciphila
FOTU_1158,
FOTU_1120,
FOTU_1159,
FOTU_1163,Fungi,Mucoromycota,Mucoromycetes,Mucorales,Cunninghamellaceae,Gongronella,Gongronella_butleri
FOTU_1113,
FOTU_1141,
FOTU_1140,
FOTU_1130,
FOTU_1171,
FOTU_1135,Fungi,Mortierellomycota,Mortierellomycetes,Mortierellales,Mortierellaceae,Mortierella
FOTU_1169,
FOTU_1160,
FOTU_1149,
FOTU_1126,
FOTU_1167,Fungi,Ascomycota,Sordariomycetes,Sordariales,Chaetomiaceae
FOTU_1151,
FOTU_1156,Fungi,Ascomycota,Saccharomycetes,Saccharomycetales,Debaryomycetaceae,Debaryomyces
FOTU_1131,
FOTU_1093,
FOTU_1173,
FOTU_1142,
FOTU_1164,
FOTU_1114,
FOTU_1166,
FOTU_1179,
FOTU_1182,
FOTU_1178,
FOTU_1184,Fungi,Basidiomycota,Tremellomycetes,Tremellales,Bulleribasidiaceae,Derxomyces,Derxomyces_mrakii
FOTU_1180,
FOTU_1144,Fungi,Ascomycota,Sordariomycetes,Sordariales,Chaetomiaceae
FOTU_1124,
FOTU_1188,
FOTU_1191,
FOTU_1153,
FOTU_1165,
FOTU_1110,
FOTU_1123,
FOTU_1129,
FOTU_1199,
FOTU_1161,
FOTU_1101,
FOTU_1176,
FOTU_1143,
FOTU_1185,
FOTU_1152,
FOTU_1202,
FOTU_1203,
FOTU_1183,
FOTU_1170,
FOTU_1198,
FOTU_1204,
FOTU_1209,
FOTU_1186,
FOTU_1187,
FOTU_1119,
FOTU_1194,
FOTU_1175,
FOTU_1205,
FOTU_1195,
FOTU_1181,
FOTU_1211,
FOTU_1192,
FOTU_1213,
FOTU_1207,
FOTU_1177,
FOTU_1217,
FOTU_1189,
FOTU_1219,
FOTU_1128,
FOTU_1172,
FOTU_1196,
FOTU_1150,
FOTU_1215,
FOTU_1212,
FOTU_1174,
FOTU_1206,Fungi,Ascomycota,Eurotiomycetes,Eurotiales,Aspergillaceae,Talaromyces
FOTU_1200,
FOTU_1227,
FOTU_1210,
FOTU_1197,
FOTU_1228,
FOTU_1221,
FOTU_1208,
FOTU_1234,
FOTU_1237,
FOTU_1190,
FOTU_1220,
FOTU_1223,
FOTU_1193,Fungi,Ascomycota,Sordariomycetes,Sordariales,Chaetomiaceae
FOTU_1214,
FOTU_1240,
FOTU_1244,
FOTU_1230,
FOTU_1216,
FOTU_1226,
FOTU_1242,
FOTU_1243,
FOTU_1245,
FOTU_1222,
FOTU_1231,
FOTU_1236,
FOTU_1224,Fungi,Mortierellomycota,Mortierellomycetes,Mortierellales,Mortierellaceae
FOTU_1201,
FOTU_1225,
FOTU_1275,
FOTU_1235,
FOTU_1273,
FOTU_1262,
FOTU_1218,
FOTU_1249,
FOTU_1281,
FOTU_1232,Fungi,Ascomycota,Sordariomycetes,Hypocreales
FOTU_1229,
FOTU_1253,Fungi,Mortierellomycota,Mortierellomycetes,Mortierellales,Mortierellaceae,Mortierella
FOTU_1256,
FOTU_1251,
FOTU_1261,
FOTU_1270,
FOTU_1271,Fungi,Mortierellomycota,Mortierellomycetes,Mortierellales,Mortierellaceae
FOTU_1272,
FOTU_1287,
FOTU_1247,
FOTU_1274,
FOTU_1250,Fungi,Ascomycota,Sordariomycetes,Sordariales,Chaetomiaceae
FOTU_1246,Fungi,Mortierellomycota,Mortierellomycetes,Mortierellales,Mortierellaceae,Mortierella
FOTU_1238,
FOTU_1259,
FOTU_1233,
FOTU_1263,
FOTU_1258,
FOTU_1283,
FOTU_1265,
FOTU_1288,
FOTU_1257,
FOTU_1284,
FOTU_1290,Fungi,Ascomycota,Sordariomycetes
FOTU_1267,
FOTU_1277,
FOTU_1304,
FOTU_1292,
FOTU_1293,
FOTU_1286,
FOTU_1289,
FOTU_1276,
FOTU_1266,
FOTU_1313,
FOTU_1260,
FOTU_1248,Fungi,Ascomycota,Sordariomycetes,Sordariales,Chaetomiaceae,Humicola,Humicola_sardiniae
FOTU_1298,
FOTU_1252,
FOTU_1305,
FOTU_1316,
FOTU_1302,
FOTU_1318,
FOTU_1269,
FOTU_1278,
FOTU_1299,
FOTU_1319,
FOTU_1308,
FOTU_1317,
FOTU_1312,
FOTU_1314,Fungi,Mortierellomycota,Mortierellomycetes,Mortierellales,Mortierellaceae,Mortierella
FOTU_1255,
FOTU_1303,
FOTU_1239,
FOTU_1320,
FOTU_1254,
FOTU_1315,
FOTU_1264,
FOTU_1324,
FOTU_1328,
FOTU_1291,Fungi,Ascomycota,Dothideomycetes,Dothideales,Saccotheciaceae,Aureobasidium,Aureobasidium_pullulans
FOTU_1296,
FOTU_1335,
FOTU_1325,
FOTU_1310,
FOTU_1321,
FOTU_1294,Fungi,Ascomycota,Sordariomycetes,Hypocreales
FOTU_1329,
FOTU_1342,
FOTU_1301,
FOTU_1330,
FOTU_1338,
FOTU_1309,
FOTU_1333,
FOTU_1322,
FOTU_1295,
FOTU_1297,
FOTU_1327,
FOTU_1307,
FOTU_1279,
FOTU_1241,
FOTU_1334,
FOTU_1311,
FOTU_1285,
FOTU_1306,
FOTU_1300,
FOTU_1348,
FOTU_1349,
FOTU_1336,
FOTU_1341,
FOTU_1345,
FOTU_1282,
FOTU_1357,
FOTU_1280,
FOTU_1268,
FOTU_1343,
FOTU_1340,
FOTU_1351,
FOTU_1337,
FOTU_1352,
FOTU_1361,
FOTU_1339,
FOTU_1354,
FOTU_1365,
FOTU_1363,
FOTU_1323,
FOTU_1368,
FOTU_1346,
FOTU_1326,
FOTU_1362,
FOTU_1376,
FOTU_1353,Fungi,Ascomycota,Dothideomycetes,Pleosporales,Pleosporaceae,Alternaria
FOTU_1374,
FOTU_1375,
FOTU_1347,Fungi,Ascomycota,Sordariomycetes,Hypocreales
FOTU_1344,
FOTU_1366,
FOTU_1332,
FOTU_1369,
FOTU_1350,
FOTU_1386,
FOTU_1371,
FOTU_1381,
FOTU_1380,
FOTU_1384,
FOTU_1358,Fungi,Ascomycota,Sordariomycetes,Sordariales,Chaetomiaceae,Humicola,Humicola_sardiniae
FOTU_1396,
FOTU_1404,
FOTU_1389,
FOTU_1373,
FOTU_1399,
FOTU_1367,Fungi,Basidiomycota,Cystobasidiomycetes
FOTU_1355,
FOTU_1356,
FOTU_1360,
FOTU_1359,
FOTU_1405,
FOTU_1415,
FOTU_1383,
FOTU_1406,
FOTU_1391,
FOTU_1398,
FOTU_1392,
FOTU_1412,
FOTU_1410,Fungi,Ascomycota,Sordariomycetes,Sordariales,Chaetomiaceae
FOTU_1407,
FOTU_1382,
FOTU_1429,
FOTU_1378,
FOTU_1419,
FOTU_1408,
FOTU_1387,
FOTU_1393,
FOTU_1401,
FOTU_1423,
FOTU_1390,Fungi,Mucoromycota,Mucoromycetes,Mucorales,Cunninghamellaceae,Gongronella,Gongronella_butleri
FOTU_1409,
FOTU_1370,
FOTU_1411,
FOTU_1331,Fungi,Ascomycota,Eurotiomycetes,Eurotiales,Aspergillaceae,Talaromyces
FOTU_1420,
FOTU_1364,Fungi,Ascomycota,Sordariomycetes,Sordariales,Chaetomiaceae
FOTU_1377,
FOTU_1385,
FOTU_1430,Fungi,Ascomycota,Sordariomycetes,Hypocreales
FOTU_1394,
FOTU_1400,Fungi,Mortierellomycota,Mortierellomycetes,Mortierellales,Mortierellaceae
FOTU_1388,Fungi,Ascomycota,Sordariomycetes,Hypocreales,Nectriaceae,Fusarium
FOTU_1424,
FOTU_1436,
FOTU_1403,
FOTU_1425,
FOTU_1435,
FOTU_1432,
FOTU_1395,
FOTU_1433,
FOTU_1417,
FOTU_1434,
FOTU_1426,
FOTU_1431,
FOTU_1397,
FOTU_1443,Fungi,Ascomycota,Sordariomycetes,Hypocreales,Nectriaceae,Fusarium
FOTU_1418,
FOTU_1414,
FOTU_1449,
FOTU_1451,
FOTU_1450,
FOTU_1427,
FOTU_1460,
FOTU_1454,
FOTU_1452,
FOTU_1447,
FOTU_1437,
FOTU_1455,
FOTU_1416,
FOTU_1413,
FOTU_1445,
FOTU_1379,
FOTU_1421,
FOTU_1422,
FOTU_1477,
FOTU_1428,
FOTU_1439,
FOTU_1442,
FOTU_1465,
FOTU_1372,
FOTU_1458,
FOTU_1478,
FOTU_1466,
FOTU_1473,
FOTU_1441,
FOTU_1453,
FOTU_1483,
FOTU_1475,
FOTU_1459,
FOTU_1461,
FOTU_1402,
FOTU_1438,
FOTU_1470,
FOTU_1484,
FOTU_1444,Fungi,Ascomycota,Eurotiomycetes,Eurotiales,Aspergillaceae,Penicillium
FOTU_1440,
FOTU_1479,
FOTU_1464,
FOTU_1487,
FOTU_1456,
FOTU_1493,
FOTU_1476,
FOTU_1468,
FOTU_1467,
FOTU_1472,
FOTU_1446,
FOTU_1448,
FOTU_1486,
FOTU_1491,
FOTU_1474,
FOTU_1505,
FOTU_1482,
FOTU_1496,
FOTU_1462,
FOTU_1489,
FOTU_1463,
FOTU_1457,
FOTU_1497,
FOTU_1501,
FOTU_1502,
FOTU_1507,
FOTU_1511,
FOTU_1471,
FOTU_1513,
FOTU_1481,
FOTU_1509,
FOTU_1510,
FOTU_1469,
FOTU_1485,
FOTU_1528,
FOTU_1495,
FOTU_1494,
FOTU_1518,
FOTU_1480,
FOTU_1499,
FOTU_1504,
FOTU_1490,
FOTU_1542,Fungi,Ascomycota,Sordariomycetes,Sordariales,Chaetomiaceae,Humicola,Humicola_sardiniae
FOTU_1529,
FOTU_1508,
FOTU_1492,
FOTU_1500,
FOTU_1526,
FOTU_1523,
FOTU_1540,
FOTU_1539,
FOTU_1532,
FOTU_1556,
FOTU_1531,Fungi,Ascomycota,Sordariomycetes,Sordariales,Chaetomiaceae
FOTU_1520,
FOTU_1525,
FOTU_1498,
FOTU_1527,
FOTU_1538,
FOTU_1534,
FOTU_1537,
FOTU_1549,
FOTU_1519,
FOTU_1557,
FOTU_1561,
FOTU_1535,
FOTU_1554,
FOTU_1573,
FOTU_1558,
FOTU_1563,
FOTU_1530,
FOTU_1522,Fungi,Ascomycota,Sordariomycetes,Sordariales,Chaetomiaceae,Pseudothielavia,Pseudothielavia_arxii
FOTU_1555,
FOTU_1503,
FOTU_1514,Fungi,Ascomycota,Eurotiomycetes,Eurotiales,Aspergillaceae,Penicillium
FOTU_1515,Fungi,Ascomycota,Sordariomycetes,Sordariales,Chaetomiaceae
FOTU_1570,
FOTU_1524,
FOTU_1550,Fungi,Ascomycota,Eurotiomycetes,Eurotiales,Aspergillaceae,Penicillium
FOTU_1546,
FOTU_1548,Fungi,Ascomycota,Dothideomycetes,Pleosporales
FOTU_1536,Fungi,Ascomycota,Sordariomycetes,Sordariales,Chaetomiaceae,Humicola,Humicola_sardiniae
FOTU_1559,
FOTU_1585,
FOTU_1543,
FOTU_1544,
FOTU_1506,
FOTU_1552,
FOTU_1560,
FOTU_1571,
FOTU_1584,
FOTU_1579,
FOTU_1547,
FOTU_1521,
FOTU_1512,
FOTU_1517,
FOTU_1533,
FOTU_1568,Fungi,Ascomycota,Dothideomycetes,Pleosporales,Cucurbitariaceae,Pyrenochaetopsis,Pyrenochaetopsis_tabarestanensis
FOTU_1587,
FOTU_1562,
FOTU_1595,
FOTU_1575,
FOTU_1488,
FOTU_1586,
FOTU_1553,
FOTU_1565,
FOTU_1516,
FOTU_1541,
FOTU_1545,
FOTU_1593,
FOTU_1566,
FOTU_1598,
FOTU_1583,
FOTU_1589,
FOTU_1588,
FOTU_1599,
FOTU_1551,
FOTU_1608,
FOTU_1564,
FOTU_1602,
FOTU_1610,
FOTU_1574,
FOTU_1604,
FOTU_1616,
FOTU_1567,
FOTU_1591,
FOTU_1582,
FOTU_1607,Fungi,Ascomycota,Dothideomycetes,Mycosphaerellales,Mycosphaerellaceae,Zymoseptoria
FOTU_1590,
FOTU_1569,
FOTU_1625,
FOTU_1601,
FOTU_1580,
FOTU_1631,
FOTU_1630,
FOTU_1606,
FOTU_1578,
FOTU_1594,
FOTU_1617,
FOTU_1640,
FOTU_1637,
FOTU_1597,
FOTU_1619,
FOTU_1577,
FOTU_1628,
FOTU_1627,
FOTU_1638,
FOTU_1632,
FOTU_1634,
FOTU_1647,
FOTU_1639,
FOTU_1642,
FOTU_1592,
FOTU_1618,
FOTU_1645,
FOTU_1624,
FOTU_1611,
FOTU_1643,
FOTU_1596,
FOTU_1654,
FOTU_1600,
FOTU_1653,
FOTU_1605,
FOTU_1613,
FOTU_1633,
FOTU_1657,Fungi,Ascomycota,Sordariomycetes,Sordariales,Chaetomiaceae,Humicola,Humicola_sardiniae
FOTU_1663,
FOTU_1603,
FOTU_1623,
FOTU_1655,
FOTU_1646,
FOTU_1621,
FOTU_1572,
FOTU_1620,
FOTU_1626,
FOTU_1581,
FOTU_1612,
FOTU_1658,
FOTU_1662,
FOTU_1671,
FOTU_1665,
FOTU_1652,
FOTU_1656,
FOTU_1576,Fungi,Mortierellomycota,Mortierellomycetes,Mortierellales,Mortierellaceae,Mortierella
FOTU_1674,
FOTU_1676,
FOTU_1649,
FOTU_1614,
FOTU_1687,
FOTU_1636,
FOTU_1681,
FOTU_1670,
FOTU_1609,Fungi,Basidiomycota,Microbotryomycetes,Sporidiobolales,Sporidiobolaceae,Sporobolomyces
FOTU_1679,
FOTU_1683,
FOTU_1664,
FOTU_1678,
FOTU_1690,
FOTU_1648,
FOTU_1635,
FOTU_1622,
FOTU_1615,
FOTU_1641,
FOTU_1666,
FOTU_1685,
FOTU_1651,
FOTU_1682,Fungi,Ascomycota,Sordariomycetes,Sordariales,Chaetomiaceae,Humicola,Humicola_sardiniae
FOTU_1659,
FOTU_1700,
FOTU_1675,
FOTU_1677,
FOTU_1703,
FOTU_1668,
FOTU_1692,
FOTU_1644,
FOTU_1667,
FOTU_1680,
FOTU_1707,
FOTU_1709,
FOTU_1696,
FOTU_1686,
FOTU_1694,
FOTU_1660,
FOTU_1684,
FOTU_1710,
FOTU_1720,
FOTU_1661,
FOTU_1629,
FOTU_1697,
FOTU_1669,Fungi,Ascomycota,Eurotiomycetes,Eurotiales,Aspergillaceae,Penicillium
FOTU_1695,
FOTU_1701,
FOTU_1716,
FOTU_1691,
FOTU_1711,Fungi,Ascomycota,Sordariomycetes,Hypocreales,Hypocreaceae,Trichoderma
FOTU_1712,
FOTU_1705,
FOTU_1650,
FOTU_1717,
FOTU_1673,
FOTU_1698,
FOTU_1699,
FOTU_1721,
FOTU_1730,
FOTU_1702,
FOTU_1713,
FOTU_1735,
FOTU_1704,
FOTU_1724,
FOTU_1733,
FOTU_1727,
FOTU_1688,
FOTU_1743,
FOTU_1672,
FOTU_1689,Fungi,Ascomycota,Sordariomycetes,Hypocreales,Nectriaceae,Fusarium
FOTU_1728,
FOTU_1739,
FOTU_1722,
FOTU_1723,
FOTU_1734,
FOTU_1748,
FOTU_1714,
FOTU_1718,
FOTU_1750,
FOTU_1755,
FOTU_1746,
FOTU_1773,
FOTU_1738,Fungi,Ascomycota,Sordariomycetes,Sordariales,Chaetomiaceae
FOTU_1729,
FOTU_1715,
FOTU_1706,
FOTU_1757,Fungi,Ascomycota,Dothideomycetes,Mycosphaerellales,Mycosphaerellaceae,Zymoseptoria
FOTU_1761,
FOTU_1745,
FOTU_1752,
FOTU_1768,
FOTU_1725,
FOTU_1751,
FOTU_1741,
FOTU_1765,
FOTU_1762,
FOTU_1693,
FOTU_1763,
FOTU_1708,
FOTU_1758,
FOTU_1778,
FOTU_1736,
FOTU_1747,
FOTU_1756,
FOTU_1788,
FOTU_1749,
FOTU_1732,
FOTU_1783,
FOTU_1719,
FOTU_1782,
FOTU_1731,
FOTU_1776,
FOTU_1769,
FOTU_1737,
FOTU_1742,Fungi,Ascomycota,Sordariomycetes,Hypocreales,Nectriaceae,Fusarium
FOTU_1771,
FOTU_1726,
FOTU_1770,
FOTU_1754,
FOTU_1753,Fungi,Ascomycota,Dothideomycetes,Pleosporales
FOTU_1787,
FOTU_1794,
FOTU_1740,
FOTU_1764,
FOTU_1801,
FOTU_1791,
FOTU_1766,
FOTU_1802,
FOTU_1779,
FOTU_1780,
FOTU_1804,
FOTU_1799,
FOTU_1759,
FOTU_1806,
FOTU_1775,
FOTU_1819,
FOTU_1797,
FOTU_1744,
FOTU_1760,
FOTU_1792,
FOTU_1810,
FOTU_1786,
FOTU_1777,
FOTU_1774,
FOTU_1785,
FOTU_1821,
FOTU_1798,
FOTU_1828,
FOTU_1809,
FOTU_1784,
FOTU_1795,
FOTU_1811,
FOTU_1808,
FOTU_1800,
FOTU_1824,
FOTU_1836,
FOTU_1812,
FOTU_1829,
FOTU_1820,
FOTU_1790,
FOTU_1772,
FOTU_1803,
FOTU_1805,
FOTU_1840,
FOTU_1832,
FOTU_1767,
FOTU_1781,
FOTU_1807,
FOTU_1818,
FOTU_1813,
FOTU_1841,
FOTU_1822,
FOTU_1851,
FOTU_1825,
FOTU_1817,Fungi,Mortierellomycota,Mortierellomycetes,Mortierellales,Mortierellaceae,Mortierella
FOTU_1816,
FOTU_1823,
FOTU_1796,
FOTU_1852,
FOTU_1847,
FOTU_1830,
FOTU_1842,
FOTU_1839,
FOTU_1833,Fungi,Ascomycota,Sordariomycetes,Hypocreales
FOTU_1837,
FOTU_1843,
FOTU_1848,
FOTU_1854,
FOTU_1826,
FOTU_1865,
FOTU_1815,
FOTU_1867,
FOTU_1827,
FOTU_1789,
FOTU_1845,
FOTU_1861,
FOTU_1831,
FOTU_1864,
FOTU_1871,
FOTU_1793,
FOTU_1853,
FOTU_1885,
FOTU_1878,
FOTU_1892,
FOTU_1883,
FOTU_1876,
FOTU_1901,
FOTU_1857,
FOTU_1870,
FOTU_1866,
FOTU_1849,
FOTU_1850,
FOTU_1846,Fungi,Ascomycota,Sordariomycetes,Hypocreales
FOTU_1873,Fungi,Ascomycota,Eurotiomycetes,Chaetothyriales,Herpotrichiellaceae,Exophiala
FOTU_1835,
FOTU_1872,
FOTU_1875,
FOTU_1856,
FOTU_1898,
FOTU_1868,
FOTU_1891,
FOTU_1844,
FOTU_1904,
FOTU_1874,
FOTU_1900,
FOTU_1894,
FOTU_1858,
FOTU_1886,
FOTU_1834,
FOTU_1814,
FOTU_1860,
FOTU_1895,
FOTU_1902,
FOTU_1899,
FOTU_1889,
FOTU_1888,
FOTU_1863,
FOTU_1908,
FOTU_1906,
FOTU_1919,
FOTU_1884,
FOTU_1912,
FOTU_1838,
FOTU_1890,
FOTU_1909,
FOTU_1916,
FOTU_1882,Fungi,Ascomycota,Dothideomycetes,Pleosporales,Cucurbitariaceae,Pyrenochaetopsis,Pyrenochaetopsis_tabarestanensis
FOTU_1879,
FOTU_1887,
FOTU_1859,
FOTU_1869,
FOTU_1855,
FOTU_1877,
FOTU_1862,
FOTU_1880,
FOTU_1881,
FOTU_1917,
FOTU_1911,
FOTU_1922,
FOTU_1915,
FOTU_1897,
FOTU_1907,
FOTU_1903,
FOTU_1893,
FOTU_1933,
FOTU_1923,
FOTU_1949,
FOTU_1910,
FOTU_1905,
FOTU_1925,Fungi,Ascomycota,Sordariomycetes,Hypocreales
FOTU_1930,
FOTU_1914,
FOTU_1929,
FOTU_1921,
FOTU_1927,
FOTU_1946,Fungi,Mortierellomycota,Mortierellomycetes,Mortierellales,Mortierellaceae,Mortierella
FOTU_1957,
FOTU_1942,
FOTU_1896,
FOTU_1947,
FOTU_1934,
FOTU_1939,
FOTU_1948,
FOTU_1974,
FOTU_1926,
FOTU_1931,
FOTU_1962,
FOTU_1918,
FOTU_1967,
FOTU_1958,
FOTU_1932,
FOTU_1964,
FOTU_1965,
FOTU_1970,
FOTU_1959,Fungi,Ascomycota,Sordariomycetes,Hypocreales
FOTU_1913,Fungi,Ascomycota,Saccharomycetes,Saccharomycetales,Debaryomycetaceae,Debaryomyces
FOTU_1953,
FOTU_1928,
FOTU_1976,
FOTU_1936,Fungi,Ascomycota,Sordariomycetes,Hypocreales
FOTU_1944,
FOTU_1937,
FOTU_1975,
FOTU_1924,
FOTU_1945,
FOTU_1935,
FOTU_1920,
FOTU_1960,
FOTU_1940,
FOTU_1950,Fungi,Ascomycota,Dothideomycetes,Pleosporales,Sporormiaceae,Westerdykella
FOTU_1943,
FOTU_1968,Fungi,Ascomycota,Dothideomycetes,Capnodiales,Cladosporiaceae,Cladosporium
FOTU_1981,
FOTU_1963,
FOTU_1987,
FOTU_1938,
FOTU_1988,
FOTU_1956,Fungi,Basidiomycota,Agaricomycetes,Cantharellales,Ceratobasidiaceae,Rhizoctonia,Rhizoctonia_solani
FOTU_1951,
FOTU_1954,
FOTU_1941,
FOTU_1993,
FOTU_1952,
FOTU_1961,
FOTU_1979,
FOTU_1969,
FOTU_1992,
FOTU_1998,Fungi,Ascomycota,Sordariomycetes,Glomerellales,Plectosphaerellaceae,Gibellulopsis,Gibellulopsis_piscis
FOTU_1996,
FOTU_1984,
FOTU_2005,
FOTU_1978,
FOTU_1966,
FOTU_1995,
FOTU_2006,
FOTU_2014,
FOTU_1994,
FOTU_1989,
FOTU_1972,
FOTU_1955,
FOTU_2016,
FOTU_2017,Fungi,Ascomycota,Sordariomycetes,Hypocreales
FOTU_2028,
FOTU_2025,
FOTU_2010,
FOTU_1985,
FOTU_2019,
FOTU_2030,
FOTU_1991,
FOTU_2012,
FOTU_1999,
FOTU_2027,
FOTU_1986,
FOTU_2007,
FOTU_1977,
FOTU_1990,
FOTU_2003,
FOTU_2000,
FOTU_2020,
FOTU_1971,
FOTU_2018,
FOTU_2022,
FOTU_2008,
FOTU_2001,
FOTU_1983,
FOTU_2013,
FOTU_1980,
FOTU_2033,
FOTU_2004,
FOTU_2045,
FOTU_2002,
FOTU_2021,
FOTU_2009,
FOTU_2023,
FOTU_2029,
FOTU_2015,
FOTU_2054,Fungi,Mortierellomycota,Mortierellomycetes,Mortierellales,Mortierellaceae,Mortierella,Mortierella_calciphila
FOTU_1973,
FOTU_2024,Fungi,Basidiomycota,Cystobasidiomycetes,Symmetrosporaceae,Symmetrospora
FOTU_1982,
FOTU_2059,
FOTU_2041,Fungi,Basidiomycota,Agaricomycetes,Cantharellales,Ceratobasidiaceae
FOTU_2050,
FOTU_2040,
FOTU_2043,
FOTU_2058,
FOTU_2036,
FOTU_1997,
FOTU_2053,
FOTU_2038,
FOTU_2039,
FOTU_2031,
FOTU_2072,
FOTU_2063,Fungi,Mortierellomycota,Mortierellomycetes,Mortierellales,Mortierellaceae,Mortierella
FOTU_2037,
FOTU_2066,
FOTU_2057,
FOTU_2034,
FOTU_2070,
FOTU_2046,
FOTU_2073,
FOTU_2064,
FOTU_2026,
FOTU_2042,
FOTU_2062,
FOTU_2055,
FOTU_2035,
FOTU_2089,Fungi,Ascomycota,Dothideomycetes,Dothideales,Saccotheciaceae,Aureobasidium,Aureobasidium_pullulans
FOTU_2065,
FOTU_2048,
FOTU_2071,
FOTU_2061,
FOTU_2011,
FOTU_2067,
FOTU_2069,
FOTU_2060,
FOTU_2049,
FOTU_2068,
FOTU_2094,
FOTU_2075,
FOTU_2052,Fungi,Ascomycota,Sordariomycetes,Glomerellales,Plectosphaerellaceae,Gibellulopsis,Gibellulopsis_piscis
FOTU_2092,Fungi,Ascomycota,Eurotiomycetes,Eurotiales,Aspergillaceae,Penicillium
FOTU_2084,
FOTU_2085,
FOTU_2032,Fungi,Ascomycota,Sordariomycetes,Hypocreales,Nectriaceae
FOTU_2080,
FOTU_2083,
FOTU_2056,
FOTU_2047,
FOTU_2091,
FOTU_2096,
FOTU_2044,
FOTU_2074,
FOTU_2051,
FOTU_2113,
FOTU_2097,
FOTU_2101,
FOTU_2077,
FOTU_2116,
FOTU_2111,
FOTU_2078,
FOTU_2107,
FOTU_2090,
FOTU_2082,
FOTU_2093,
FOTU_2102,
FOTU_2081,
FOTU_2117,
FOTU_2088,
FOTU_2119,
FOTU_2110,
FOTU_2140,
FOTU_2115,
FOTU_2100,
FOTU_2120,
FOTU_2079,
FOTU_2086,
FOTU_2112,
FOTU_2098,
FOTU_2123,
FOTU_2130,
FOTU_2129,
FOTU_2095,
FOTU_2106,
FOTU_2134,
FOTU_2103,
FOTU_2142,Fungi,Ascomycota,Sordariomycetes,Hypocreales,Hypocreaceae,Trichoderma
FOTU_2121,
FOTU_2145,
FOTU_2132,
FOTU_2076,
FOTU_2128,
FOTU_2141,
FOTU_2099,
FOTU_2147,
FOTU_2087,
FOTU_2152,
FOTU_2126,
FOTU_2154,
FOTU_2105,
FOTU_2153,
FOTU_2151,
FOTU_2133,Fungi,Ascomycota,Sordariomycetes,Hypocreales
FOTU_2114,
FOTU_2164,
FOTU_2109,
FOTU_2104,Fungi,Ascomycota,Dothideomycetes,Capnodiales,Cladosporiaceae,Cladosporium
FOTU_2155,
FOTU_2131,
FOTU_2150,
FOTU_2124,
FOTU_2162,
FOTU_2160,
FOTU_2108,
FOTU_2157,
FOTU_2170,
FOTU_2135,
FOTU_2118,
FOTU_2167,
FOTU_2143,
FOTU_2182,
FOTU_2146,
FOTU_2174,
FOTU_2136,
FOTU_2166,
FOTU_2172,
FOTU_2125,
FOTU_2163,
FOTU_2171,Fungi,Ascomycota,Sordariomycetes,Sordariales,Chaetomiaceae,Humicola,Humicola_sardiniae
FOTU_2158,Fungi,Basidiomycota,Agaricomycetes,Cantharellales,Ceratobasidiaceae,Ceratobasidium
FOTU_2177,
FOTU_2148,Fungi,Ascomycota,Eurotiomycetes,Eurotiales,Aspergillaceae,Penicillium
FOTU_2169,
FOTU_2149,
FOTU_2179,
FOTU_2138,
FOTU_2176,
FOTU_2137,
FOTU_2180,
FOTU_2198,
FOTU_2165,
FOTU_2159,
FOTU_2188,
FOTU_2168,
FOTU_2161,
FOTU_2144,
FOTU_2122,
FOTU_2184,
FOTU_2191,
FOTU_2127,
FOTU_2204,
FOTU_2178,
FOTU_2189,
FOTU_2207,
FOTU_2156,Fungi,Ascomycota
FOTU_2205,
FOTU_2139,
FOTU_2210,
FOTU_2206,
FOTU_2221,
FOTU_2208,
FOTU_2200,
FOTU_2187,Fungi,Ascomycota,Eurotiomycetes,Eurotiales,Aspergillaceae,Penicillium
FOTU_2222,
FOTU_2215,
FOTU_2192,
FOTU_2217,
FOTU_2195,
FOTU_2194,
FOTU_2193,
FOTU_2197,
FOTU_2224,
FOTU_2186,
FOTU_2219,
FOTU_2203,
FOTU_2213,Fungi,Ascomycota,Sordariomycetes,Hypocreales,Nectriaceae
FOTU_2185,
FOTU_2229,
FOTU_2230,
FOTU_2236,
FOTU_2196,
FOTU_2211,
FOTU_2181,
FOTU_2226,
FOTU_2209,
FOTU_2234,
FOTU_2214,
FOTU_2227,
FOTU_2239,
FOTU_2244,
FOTU_2242,
FOTU_2237,
FOTU_2173,
FOTU_2201,
FOTU_2175,
FOTU_2243,
FOTU_2216,
FOTU_2225,
FOTU_2202,
FOTU_2248,
FOTU_2252,
FOTU_2250,
FOTU_2235,
FOTU_2232,
FOTU_2246,
FOTU_2199,Fungi,Ascomycota,Dothideomycetes,Mycosphaerellales,Mycosphaerellaceae,Zymoseptoria
FOTU_2261,
FOTU_2228,
FOTU_2251,
FOTU_2233,
FOTU_2253,
FOTU_2218,
FOTU_2249,
FOTU_2264,
FOTU_2245,
FOTU_2263,
FOTU_2257,
FOTU_2223,
FOTU_2241,
FOTU_2260,
FOTU_2238,
FOTU_2271,
FOTU_2270,
FOTU_2279,
FOTU_2275,
FOTU_2240,
FOTU_2290,
FOTU_2190,
FOTU_2266,
FOTU_2183,
FOTU_2282,
FOTU_2256,
FOTU_2280,
FOTU_2278,
FOTU_2273,
FOTU_2285,
FOTU_2259,
FOTU_2286,
FOTU_2247,
FOTU_2294,
FOTU_2212,
FOTU_2301,
FOTU_2300,
FOTU_2268,
FOTU_2220,
FOTU_2258,
FOTU_2231,
FOTU_2315,
FOTU_2262,
FOTU_2265,
FOTU_2289,
FOTU_2297,
FOTU_2283,
FOTU_2305,
FOTU_2284,
FOTU_2272,
FOTU_2319,
FOTU_2336,
FOTU_2317,
FOTU_2255,
FOTU_2320,
FOTU_2281,
FOTU_2309,
FOTU_2323,
FOTU_2298,
FOTU_2296,
FOTU_2276,
FOTU_2332,
FOTU_2291,
FOTU_2318,
FOTU_2292,
FOTU_2293,
FOTU_2254,
FOTU_2314,
FOTU_2274,
FOTU_2316,
FOTU_2304,
FOTU_2322,
FOTU_2334,
FOTU_2340,
FOTU_2326,
FOTU_2337,
FOTU_2288,
FOTU_2295,
FOTU_2306,
FOTU_2287,
FOTU_2302,
FOTU_2311,
FOTU_2303,
FOTU_2310,
FOTU_2308,
FOTU_2329,
FOTU_2313,
FOTU_2307,
FOTU_2267,Fungi,Basidiomycota,Agaricomycetes,Cantharellales,Ceratobasidiaceae
FOTU_2325,
FOTU_2350,
FOTU_2341,
FOTU_2356,
FOTU_2346,
FOTU_2327,Fungi,Ascomycota,Sordariomycetes,Hypocreales,Hypocreaceae,Trichoderma
FOTU_2299,
FOTU_2277,
FOTU_2269,
FOTU_2328,Fungi,Ascomycota,Sordariomycetes,Hypocreales
FOTU_2338,Fungi,Ascomycota,Sordariomycetes,Hypocreales,Hypocreaceae,Trichoderma,Trichoderma_turrialbense
FOTU_2361,
FOTU_2321,
FOTU_2345,
FOTU_2343,
FOTU_2364,
FOTU_2333,
FOTU_2312,
FOTU_2342,
FOTU_2367,
FOTU_2354,
FOTU_2353,
FOTU_2368,
FOTU_2349,
FOTU_2347,
FOTU_2355,Fungi,Ascomycota,Sordariomycetes,Hypocreales,Nectriaceae,Fusarium,Fusarium_neocosmosporiellum
FOTU_2357,
FOTU_2324,
FOTU_2339,
FOTU_2331,
FOTU_2359,
FOTU_2373,
FOTU_2366,
FOTU_2379,
FOTU_2351,
FOTU_2348,
FOTU_2363,
FOTU_2375,
FOTU_2374,
FOTU_2330,Fungi,Ascomycota,Sordariomycetes,Hypocreales
FOTU_2362,
FOTU_2360,
FOTU_2377,
FOTU_2384,
FOTU_2380,
FOTU_2382,
FOTU_2344,
FOTU_2369,
FOTU_2385,
FOTU_2335,
FOTU_2371,
FOTU_2393,
FOTU_2394,
FOTU_2398,
FOTU_2395,
FOTU_2389,
FOTU_2370,
FOTU_2405,
FOTU_2352,
FOTU_2406,
FOTU_2381,
FOTU_2386,
FOTU_2397,
FOTU_2399,
FOTU_2403,
FOTU_2378,
FOTU_2387,
FOTU_2390,
FOTU_2388,Fungi,Ascomycota,Dothideomycetes,Mycosphaerellales,Mycosphaerellaceae,Zymoseptoria
FOTU_2358,
FOTU_2408,
FOTU_2418,
FOTU_2365,
FOTU_2383,
FOTU_2392,
FOTU_2436,
FOTU_2412,Fungi,Ascomycota,Sordariomycetes,Hypocreales,Nectriaceae,Fusarium
FOTU_2402,
FOTU_2421,
FOTU_2391,
FOTU_2404,
FOTU_2415,
FOTU_2400,
FOTU_2443,
FOTU_2433,
FOTU_2376,
FOTU_2396,
FOTU_2423,
FOTU_2451,
FOTU_2401,
FOTU_2429,
FOTU_2452,
FOTU_2407,
FOTU_2430,
FOTU_2459,
FOTU_2440,Fungi,Basidiomycota,Microbotryomycetes,Sporidiobolales,Sporidiobolaceae,Sporobolomyces,Sporobolomyces_koalae
FOTU_2432,
FOTU_2409,
FOTU_2372,
FOTU_2437,
FOTU_2422,
FOTU_2435,
FOTU_2416,
FOTU_2439,
FOTU_2425,
FOTU_2446,
FOTU_2455,
FOTU_2464,
FOTU_2457,
FOTU_2427,
FOTU_2410,
FOTU_2434,
FOTU_2411,
FOTU_2466,
FOTU_2470,
FOTU_2458,
FOTU_2428,
FOTU_2454,
FOTU_2453,
FOTU_2456,
FOTU_2476,
FOTU_2449,
FOTU_2467,Fungi,Ascomycota,Taphrinomycetes,Taphrinales,Taphrinaceae,Taphrina,Taphrina_inositophila
FOTU_2431,
FOTU_2419,
FOTU_2469,
FOTU_2442,
FOTU_2417,
FOTU_2445,
FOTU_2462,
FOTU_2450,
FOTU_2426,
FOTU_2484,
FOTU_2413,
FOTU_2460,
FOTU_2487,
FOTU_2414,
FOTU_2474,
FOTU_2486,
FOTU_2475,
FOTU_2424,
FOTU_2485,
FOTU_2494,
FOTU_2493,
FOTU_2491,
FOTU_2444,
FOTU_2468,
FOTU_2480,Fungi,Ascomycota,Sordariomycetes,Sordariales,Chaetomiaceae
FOTU_2420,
FOTU_2479,
FOTU_2481,
FOTU_2503,
FOTU_2489,
FOTU_2478,
FOTU_2473,
FOTU_2483,
FOTU_2477,
FOTU_2488,
FOTU_2447,
FOTU_2441,
FOTU_2490,
FOTU_2461,
FOTU_2448,
FOTU_2508,
FOTU_2506,
FOTU_2507,
FOTU_2504,Fungi,Ascomycota,Sordariomycetes,Sordariales,Chaetomiaceae,Humicola,Humicola_sardiniae
FOTU_2438,
FOTU_2465,
FOTU_2512,
FOTU_2482,
FOTU_2511,
FOTU_2510,
FOTU_2513,
FOTU_2502,
FOTU_2526,Fungi,Ascomycota,Sordariomycetes,Hypocreales,Hypocreaceae,Trichoderma,Trichoderma_turrialbense
FOTU_2471,
FOTU_2492,
FOTU_2529,
FOTU_2501,
FOTU_2530,
FOTU_2523,
FOTU_2514,
FOTU_2472,
FOTU_2505,
FOTU_2517,
FOTU_2534,
FOTU_2495,
FOTU_2498,
FOTU_2535,
FOTU_2537,
FOTU_2540,
FOTU_2524,
FOTU_2463,
FOTU_2500,
FOTU_2509,
FOTU_2520,
FOTU_2532,
FOTU_2496,
FOTU_2531,
FOTU_2518,
FOTU_2519,
FOTU_2539,
FOTU_2515,
FOTU_2499,Fungi,Ascomycota,Dothideomycetes,Capnodiales,Cladosporiaceae,Cladosporium
FOTU_2497,
FOTU_2561,
FOTU_2553,
FOTU_2538,
FOTU_2546,
FOTU_2554,
FOTU_2525,
FOTU_2550,
FOTU_2570,
FOTU_2545,
FOTU_2567,
FOTU_2548,
FOTU_2564,
FOTU_2516,
FOTU_2527,
FOTU_2563,
FOTU_2543,Fungi,Ascomycota,Dothideomycetes,Pleosporales
FOTU_2557,
FOTU_2565,
FOTU_2566,
FOTU_2522,Fungi,Mucoromycota,Mucoromycetes,Mucorales,Mucoraceae,Mucor,Mucor_circinelloides
FOTU_2579,
FOTU_2544,
FOTU_2528,
FOTU_2552,
FOTU_2574,
FOTU_2547,
FOTU_2587,
FOTU_2568,
FOTU_2581,
FOTU_2542,
FOTU_2580,
FOTU_2591,
FOTU_2556,
FOTU_2560,
FOTU_2533,
FOTU_2601,
FOTU_2589,
FOTU_2584,
FOTU_2582,
FOTU_2602,
FOTU_2576,
FOTU_2583,
FOTU_2585,
FOTU_2536,
FOTU_2607,
FOTU_2586,
FOTU_2571,
FOTU_2541,
FOTU_2521,
FOTU_2578,
FOTU_2603,
FOTU_2555,
FOTU_2604,
FOTU_2611,
FOTU_2549,
FOTU_2588,
FOTU_2610,
FOTU_2599,
FOTU_2593,
FOTU_2577,
FOTU_2569,
FOTU_2573,
FOTU_2608,
FOTU_2606,
FOTU_2626,
FOTU_2558,
FOTU_2624,
FOTU_2598,
FOTU_2614,Fungi,Ascomycota,Sordariomycetes,Hypocreales,Hypocreaceae,Trichoderma
FOTU_2617,
FOTU_2622,
FOTU_2562,
FOTU_2612,
FOTU_2572,
FOTU_2597,
FOTU_2551,
FOTU_2559,
FOTU_2628,
FOTU_2613,
FOTU_2592,
FOTU_2620,
FOTU_2615,
FOTU_2638,
FOTU_2590,
FOTU_2625,
FOTU_2633,
FOTU_2575,
FOTU_2595,
FOTU_2641,
FOTU_2600,
FOTU_2627,
FOTU_2647,
FOTU_2649,
FOTU_2648,
FOTU_2596,
FOTU_2618,Fungi,Ascomycota,Sordariomycetes,Sordariales,Chaetomiaceae
FOTU_2623,
FOTU_2640,
FOTU_2594,
FOTU_2609,
FOTU_2605,
FOTU_2651,
FOTU_2639,
FOTU_2645,
FOTU_2653,
FOTU_2632,
FOTU_2616,
FOTU_2642,
FOTU_2637,Fungi,Ascomycota,Eurotiomycetes,Eurotiales,Aspergillaceae,Talaromyces
FOTU_2654,
FOTU_2658,
FOTU_2650,
FOTU_2668,
FOTU_2621,
FOTU_2643,
FOTU_2644,
FOTU_2657,
FOTU_2660,
FOTU_2646,Fungi,Ascomycota,Sordariomycetes,Sordariales,Chaetomiaceae,Humicola,Humicola_sardiniae
FOTU_2673,
FOTU_2636,
FOTU_2635,
FOTU_2665,
FOTU_2662,
FOTU_2678,
FOTU_2672,
FOTU_2629,
FOTU_2676,
FOTU_2619,
FOTU_2677,
FOTU_2686,
FOTU_2666,
FOTU_2698,
FOTU_2671,
FOTU_2631,
FOTU_2692,
FOTU_2630,
FOTU_2655,
FOTU_2634,
FOTU_2688,
FOTU_2696,
FOTU_2679,
FOTU_2669,
FOTU_2689,
FOTU_2674,
FOTU_2690,
FOTU_2709,
FOTU_2682,
FOTU_2659,Fungi,Ascomycota,Sordariomycetes,Glomerellales,Plectosphaerellaceae,Gibellulopsis
FOTU_2663,
FOTU_2697,
FOTU_2716,
FOTU_2664,
FOTU_2703,
FOTU_2691,
FOTU_2699,
FOTU_2656,
FOTU_2695,
FOTU_2670,
FOTU_2685,
FOTU_2719,
FOTU_2687,
FOTU_2711,
FOTU_2661,
FOTU_2652,Fungi,Ascomycota,Sordariomycetes,Hypocreales,Nectriaceae,Fusarium
FOTU_2712,
FOTU_2701,
FOTU_2683,
FOTU_2684,Fungi,Ascomycota,Sordariomycetes,Sordariales,Chaetomiaceae,Humicola,Humicola_sardiniae
FOTU_2727,
FOTU_2718,
FOTU_2702,
FOTU_2667,
FOTU_2726,
FOTU_2694,Fungi,Ascomycota,Sordariomycetes,Glomerellales,Glomerellaceae,Colletotrichum
FOTU_2708,
FOTU_2723,Fungi,Basidiomycota,Tremellomycetes,Filobasidiales,Filobasidiaceae,Filobasidium
FOTU_2737,
FOTU_2747,
FOTU_2705,
FOTU_2700,
FOTU_2721,
FOTU_2707,
FOTU_2675,
FOTU_2742,
FOTU_2704,
FOTU_2746,
FOTU_2724,
FOTU_2715,
FOTU_2757,
FOTU_2752,
FOTU_2680,
FOTU_2722,
FOTU_2733,
FOTU_2732,
FOTU_2748,
FOTU_2754,
FOTU_2681,
FOTU_2713,
FOTU_2717,
FOTU_2731,
FOTU_2751,
FOTU_2706,
FOTU_2759,
FOTU_2743,
FOTU_2764,
FOTU_2734,
FOTU_2769,
FOTU_2730,
FOTU_2729,
FOTU_2750,
FOTU_2749,
FOTU_2767,
FOTU_2744,
FOTU_2720,Fungi,Basidiomycota,Agaricomycetes,Cantharellales,Ceratobasidiaceae
FOTU_2758,
FOTU_2736,
FOTU_2755,
FOTU_2760,
FOTU_2725,
FOTU_2775,
FOTU_2777,
FOTU_2728,
FOTU_2780,
FOTU_2786,
FOTU_2710,
FOTU_2714,
FOTU_2756,
FOTU_2738,
FOTU_2741,Fungi,Ascomycota,Sordariomycetes,Hypocreales,Bionectriaceae,Clonostachys,Clonostachys_rosea
FOTU_2693,
FOTU_2779,
FOTU_2773,
FOTU_2772,
FOTU_2766,
FOTU_2765,
FOTU_2770,
FOTU_2781,
FOTU_2793,
FOTU_2790,
FOTU_2768,
FOTU_2792,
FOTU_2785,
FOTU_2763,
FOTU_2778,
FOTU_2761,
FOTU_2753,
FOTU_2783,
FOTU_2802,
FOTU_2799,Fungi,Ascomycota,Dothideomycetes,Dothideales
FOTU_2791,
FOTU_2788,
FOTU_2745,Fungi,Ascomycota,Eurotiomycetes,Eurotiales,Aspergillaceae,Talaromyces
FOTU_2801,
FOTU_2798,
FOTU_2812,
FOTU_2817,
FOTU_2739,
FOTU_2740,Fungi,Basidiomycota,Microbotryomycetes,Leucosporidiales,Leucosporidiaceae,Leucosporidium,Leucosporidium_golubevii
FOTU_2797,Fungi,Ascomycota,Sordariomycetes,Sordariales,Chaetomiaceae,Humicola,Humicola_sardiniae
FOTU_2805,
FOTU_2803,
FOTU_2735,
FOTU_2776,
FOTU_2794,
FOTU_2808,
FOTU_2810,
FOTU_2804,
FOTU_2762,Fungi,Ascomycota,Sordariomycetes,Hypocreales,Nectriaceae,Fusarium
FOTU_2815,
FOTU_2774,
FOTU_2771,Fungi,Basidiomycota,Microbotryomycetes,Leucosporidiales,Leucosporidiaceae,Leucosporidium
FOTU_2825,
FOTU_2796,
FOTU_2787,
FOTU_2789,
FOTU_2834,
FOTU_2813,
FOTU_2784,
FOTU_2832,
FOTU_2795,
FOTU_2823,
FOTU_2833,
FOTU_2830,
FOTU_2828,
FOTU_2824,
FOTU_2816,
FOTU_2809,
FOTU_2782,
FOTU_2831,
FOTU_2826,
FOTU_2842,
FOTU_2807,
FOTU_2845,
FOTU_2841,
FOTU_2846,
FOTU_2839,
FOTU_2840,
FOTU_2854,
FOTU_2800,
FOTU_2844,
FOTU_2819,
FOTU_2820,
FOTU_2821,
FOTU_2838,
FOTU_2850,
FOTU_2837,
FOTU_2860,
FOTU_2811,
FOTU_2863,
FOTU_2849,
FOTU_2871,
FOTU_2865,
FOTU_2856,
FOTU_2822,
FOTU_2835,
FOTU_2829,
FOTU_2818,
FOTU_2870,
FOTU_2836,
FOTU_2806,
FOTU_2867,
FOTU_2848,
FOTU_2814,
FOTU_2859,
FOTU_2853,
FOTU_2864,
FOTU_2851,
FOTU_2858,
FOTU_2862,
FOTU_2880,
FOTU_2857,
FOTU_2843,
FOTU_2885,
FOTU_2883,
FOTU_2884,
FOTU_2876,
FOTU_2882,
FOTU_2847,
FOTU_2875,
FOTU_2872,
FOTU_2878,Fungi,Mortierellomycota,Mortierellomycetes,Mortierellales,Mortierellaceae
FOTU_2895,
FOTU_2869,
FOTU_2898,Fungi,Ascomycota,Dothideomycetes,Pleosporales,Pleosporaceae,Alternaria
FOTU_2866,
FOTU_2873,
FOTU_2899,
FOTU_2861,
FOTU_2855,
FOTU_2877,
FOTU_2888,
FOTU_2893,
FOTU_2881,
FOTU_2879,
FOTU_2892,
FOTU_2894,
FOTU_2901,
FOTU_2827,
FOTU_2891,
FOTU_2886,
FOTU_2897,
FOTU_2902,
FOTU_2852,
FOTU_2905,
FOTU_2906,
FOTU_2918,
FOTU_2927,
FOTU_2928,
FOTU_2913,
FOTU_2868,
FOTU_2907,
FOTU_2887,
FOTU_2900,
FOTU_2931,
FOTU_2936,
FOTU_2916,
FOTU_2914,
FOTU_2920,
FOTU_2874,
FOTU_2912,
FOTU_2925,
FOTU_2915,
FOTU_2890,
FOTU_2917,
FOTU_2938,
FOTU_2942,
FOTU_2937,
FOTU_2950,
FOTU_2908,
FOTU_2958,
FOTU_2919,
FOTU_2896,
FOTU_2945,
FOTU_2922,
FOTU_2932,
FOTU_2923,Fungi,Ascomycota,Sordariomycetes,Sordariales,Chaetomiaceae,Humicola,Humicola_sardiniae
FOTU_2929,
FOTU_2910,
FOTU_2911,
FOTU_2935,
FOTU_2951,
FOTU_2904,
FOTU_2956,
FOTU_2971,
FOTU_2960,
FOTU_2955,
FOTU_2973,
FOTU_2944,
FOTU_2966,
FOTU_2949,
FOTU_2962,
FOTU_2903,
FOTU_2889,
FOTU_2969,
FOTU_2934,
FOTU_2968,
FOTU_2953,
FOTU_2924,
FOTU_2979,
FOTU_2926,
FOTU_2982,
FOTU_2909,
FOTU_2946,
FOTU_2984,
FOTU_2964,
FOTU_2974,
FOTU_2987,
FOTU_2965,
FOTU_2930,
FOTU_2978,
FOTU_2957,Fungi,Ascomycota,Eurotiomycetes,Eurotiales,Aspergillaceae,Talaromyces
FOTU_2952,
FOTU_2972,
FOTU_2975,
FOTU_2933,
FOTU_2939,
FOTU_2967,
FOTU_2993,
FOTU_2976,
FOTU_2961,
FOTU_2940,
FOTU_2970,
FOTU_2941,
FOTU_2943,
FOTU_2959,
FOTU_2977,
FOTU_2921,Fungi,Ascomycota,Sordariomycetes,Xylariales,Graphostromataceae,Biscogniauxia,Biscogniauxia_mediterranea
FOTU_2994,
FOTU_2963,
FOTU_2983,
FOTU_2992,
FOTU_2948,
FOTU_2989,
FOTU_2988,
FOTU_3007,
FOTU_2985,
FOTU_3009,
FOTU_3006,
FOTU_3010,
FOTU_3002,
FOTU_3001,
FOTU_2954,
FOTU_3024,
FOTU_3012,
FOTU_2981,
FOTU_2999,
FOTU_3016,
FOTU_3003,
FOTU_3036,
FOTU_2996,
FOTU_2990,
FOTU_3017,
FOTU_3004,
FOTU_3034,
FOTU_3028,
FOTU_3019,
FOTU_3008,
FOTU_2998,
FOTU_2980,
FOTU_3011,
FOTU_3037,
FOTU_3013,
FOTU_3005,
FOTU_3043,
FOTU_2947,
FOTU_2997,
FOTU_3029,
FOTU_3022,
FOTU_2995,
FOTU_3044,
FOTU_3046,
FOTU_3032,
FOTU_3040,
FOTU_3035,Fungi,Mortierellomycota,Mortierellomycetes,Mortierellales,Mortierellaceae,Linnemannia
FOTU_3052,
FOTU_3015,
FOTU_3018,
FOTU_3023,
FOTU_3047,
FOTU_3048,
FOTU_2991,
FOTU_3000,
FOTU_3027,
FOTU_3042,
FOTU_3051,
FOTU_2986,
FOTU_3025,
FOTU_3014,
FOTU_3038,
FOTU_3026,
FOTU_3041,
FOTU_3021,
FOTU_3059,
FOTU_3061,
FOTU_3033,
FOTU_3031,
FOTU_3063,
FOTU_3050,
FOTU_3030,
FOTU_3055,
FOTU_3069,
FOTU_3057,
FOTU_3053,
FOTU_3064,
FOTU_3049,
FOTU_3071,
FOTU_3070,
FOTU_3079,
FOTU_3039,
FOTU_3060,Fungi,Ascomycota,Dothideomycetes,Botryosphaeriales,Botryosphaeriaceae,Lasiodiplodia
FOTU_3065,
FOTU_3082,Fungi,Ascomycota,Sordariomycetes,Sordariales,Chaetomiaceae,Humicola,Humicola_sardiniae
FOTU_3062,
FOTU_3076,
FOTU_3054,Fungi,Ascomycota,Sordariomycetes,Hypocreales
FOTU_3077,
FOTU_3078,
FOTU_3102,
FOTU_3095,Fungi,Ascomycota,Taphrinomycetes,Taphrinales,Taphrinaceae,Taphrina,Taphrina_inositophila
FOTU_3075,
FOTU_3088,
FOTU_3085,
FOTU_3066,
FOTU_3068,
FOTU_3056,
FOTU_3104,
FOTU_3100,
FOTU_3097,
FOTU_3101,
FOTU_3020,
FOTU_3109,
FOTU_3084,
FOTU_3080,
FOTU_3093,
FOTU_3118,
FOTU_3110,
FOTU_3103,Fungi,Ascomycota,Sordariomycetes,Hypocreales
FOTU_3090,
FOTU_3086,
FOTU_3045,
FOTU_3089,
FOTU_3058,
FOTU_3087,
FOTU_3073,
FOTU_3127,
FOTU_3122,
FOTU_3124,
FOTU_3098,
FOTU_3072,
FOTU_3112,
FOTU_3141,
FOTU_3114,Fungi,Ascomycota,Sordariomycetes,Hypocreales
FOTU_3116,
FOTU_3099,
FOTU_3074,
FOTU_3117,
FOTU_3083,
FOTU_3092,
FOTU_3067,
FOTU_3129,
FOTU_3120,
FOTU_3121,Fungi,Basidiomycota,Microbotryomycetes,Leucosporidiales,Leucosporidiaceae,Leucosporidium,Leucosporidium_golubevii
FOTU_3130,
FOTU_3131,
FOTU_3125,
FOTU_3096,
FOTU_3119,
FOTU_3111,
FOTU_3137,
FOTU_3139,
FOTU_3134,
FOTU_3153,
FOTU_3135,
FOTU_3081,
FOTU_3144,
FOTU_3105,
FOTU_3106,
FOTU_3157,
FOTU_3152,
FOTU_3140,
FOTU_3159,
FOTU_3123,
FOTU_3138,
FOTU_3133,
FOTU_3091,
FOTU_3151,
FOTU_3115,Fungi,Ascomycota,Sordariomycetes,Hypocreales,Hypocreaceae,Trichoderma
FOTU_3128,
FOTU_3155,
FOTU_3126,
FOTU_3132,
FOTU_3108,
FOTU_3113,
FOTU_3149,
FOTU_3165,
FOTU_3173,Fungi,Ascomycota,Dothideomycetes,Pleosporales,Sporormiaceae,Westerdykella
FOTU_3182,
FOTU_3174,
FOTU_3158,
FOTU_3160,
FOTU_3094,Fungi,Ascomycota,Sordariomycetes,Sordariales,Chaetomiaceae
FOTU_3181,
FOTU_3166,
FOTU_3175,
FOTU_3148,
FOTU_3136,
FOTU_3147,
FOTU_3189,
FOTU_3150,
FOTU_3154,
FOTU_3156,
FOTU_3163,Fungi,Ascomycota,Sordariomycetes,Sordariales,Chaetomiaceae,Humicola,Humicola_sardiniae
FOTU_3171,
FOTU_3146,
FOTU_3178,
FOTU_3142,
FOTU_3170,
FOTU_3172,
FOTU_3145,
FOTU_3199,
FOTU_3201,
FOTU_3186,
FOTU_3202,
FOTU_3191,
FOTU_3193,
FOTU_3187,
FOTU_3183,
FOTU_3210,
FOTU_3196,
FOTU_3107,
FOTU_3161,
FOTU_3184,
FOTU_3190,
FOTU_3208,
FOTU_3169,
FOTU_3204,
FOTU_3185,
FOTU_3179,
FOTU_3203,
FOTU_3164,
FOTU_3143,
FOTU_3206,
FOTU_3211,
FOTU_3217,
FOTU_3197,
FOTU_3180,
FOTU_3192,
FOTU_3177,
FOTU_3168,
FOTU_3162,
FOTU_3176,
FOTU_3167,
FOTU_3220,
FOTU_3216,
FOTU_3215,
FOTU_3200,
FOTU_3188,
FOTU_3195,
FOTU_3194,
FOTU_3232,
FOTU_3198,
FOTU_3230,
FOTU_3214,
FOTU_3237,Fungi,Ascomycota,Eurotiomycetes,Eurotiales,Aspergillaceae,Penicillium
FOTU_3225,
FOTU_3209,Fungi,Ascomycota,Sordariomycetes,Hypocreales,Sarocladium,Sarocladium_zeae
FOTU_3231,
FOTU_3235,
FOTU_3250,
FOTU_3227,
FOTU_3251,
FOTU_3244,
FOTU_3228,Fungi,Mortierellomycota,Mortierellomycetes,Mortierellales,Mortierellaceae,Mortierella,Mortierella_calciphila
FOTU_3213,
FOTU_3255,
FOTU_3207,
FOTU_3224,
FOTU_3226,
FOTU_3254,
FOTU_3233,
FOTU_3242,
FOTU_3243,
FOTU_3239,
FOTU_3256,
FOTU_3218,
FOTU_3258,
FOTU_3269,
FOTU_3272,
FOTU_3268,
FOTU_3212,
FOTU_3241,
FOTU_3205,
FOTU_3253,
FOTU_3264,
FOTU_3245,
FOTU_3266,
FOTU_3221,
FOTU_3234,
FOTU_3223,
FOTU_3248,
FOTU_3282,
FOTU_3290,
FOTU_3279,
FOTU_3270,Fungi,Basidiomycota,Agaricomycetes,Cantharellales,Ceratobasidiaceae,Ceratobasidium
FOTU_3246,
FOTU_3229,
FOTU_3249,
FOTU_3240,
FOTU_3222,
FOTU_3261,
FOTU_3278,
FOTU_3271,Fungi,Mortierellomycota,Mortierellomycetes,Mortierellales,Mortierellaceae,Linnemannia,Linnemannia_elongata
FOTU_3305,
FOTU_3236,Fungi,Ascomycota,Sordariomycetes,Hypocreales
FOTU_3293,
FOTU_3260,Fungi,Ascomycota,Sordariomycetes,Hypocreales,Nectriaceae,Fusarium
FOTU_3284,
FOTU_3252,
FOTU_3275,
FOTU_3288,
FOTU_3287,
FOTU_3219,
FOTU_3320,
FOTU_3300,
FOTU_3304,
FOTU_3298,
FOTU_3297,
FOTU_3295,
FOTU_3283,
FOTU_3294,
FOTU_3312,
FOTU_3309,
FOTU_3277,
FOTU_3262,
FOTU_3296,
FOTU_3238,
FOTU_3285,
FOTU_3274,
FOTU_3257,
FOTU_3306,Fungi,Ascomycota,Sordariomycetes,Sordariales,Chaetomiaceae
FOTU_3273,
FOTU_3317,
FOTU_3323,
FOTU_3314,
FOTU_3321,
FOTU_3291,
FOTU_3286,
FOTU_3247,
FOTU_3276,
FOTU_3329,
FOTU_3259,
FOTU_3299,
FOTU_3315,
FOTU_3332,
FOTU_3310,
FOTU_3267,
FOTU_3289,
FOTU_3336,
FOTU_3326,
FOTU_3316,
FOTU_3342,
FOTU_3325,
FOTU_3301,
FOTU_3338,
FOTU_3340,
FOTU_3280,
FOTU_3281,
FOTU_3292,
FOTU_3322,
FOTU_3303,
FOTU_3347,
FOTU_3341,Fungi,Ascomycota,Eurotiomycetes,Eurotiales,Aspergillaceae,Penicillium
FOTU_3263,
FOTU_3327,
FOTU_3343,Fungi,Ascomycota,Sordariomycetes,Hypocreales,Bionectriaceae,Clonostachys,Clonostachys_rosea
FOTU_3318,
FOTU_3335,
FOTU_3313,
FOTU_3346,
FOTU_3337,
FOTU_3353,
FOTU_3302,
FOTU_3265,
FOTU_3311,
FOTU_3350,
FOTU_3324,
FOTU_3339,
FOTU_3345,
FOTU_3308,
FOTU_3348,
FOTU_3354,
FOTU_3355,
FOTU_3366,
FOTU_3352,
FOTU_3307,
FOTU_3361,
FOTU_3351,
FOTU_3372,
FOTU_3344,
FOTU_3334,
FOTU_3360,
FOTU_3363,
FOTU_3319,
FOTU_3331,
FOTU_3370,
FOTU_3376,
FOTU_3379,
FOTU_3365,
FOTU_3349,
FOTU_3377,
FOTU_3375,
FOTU_3330,
FOTU_3388,
FOTU_3328,
FOTU_3359,
FOTU_3383,
FOTU_3384,
FOTU_3333,
FOTU_3403,
FOTU_3367,
FOTU_3387,
FOTU_3369,
FOTU_3386,
FOTU_3397,
FOTU_3391,Fungi,Ascomycota,Sordariomycetes,Hypocreales,Nectriaceae,Fusarium
FOTU_3396,
FOTU_3405,
FOTU_3393,
FOTU_3407,
FOTU_3364,
FOTU_3357,
FOTU_3378,
FOTU_3362,
FOTU_3408,
FOTU_3373,
FOTU_3400,
FOTU_3395,
FOTU_3374,
FOTU_3398,
FOTU_3358,
FOTU_3410,
FOTU_3417,
FOTU_3414,
FOTU_3380,
FOTU_3382,
FOTU_3412,
FOTU_3427,
FOTU_3406,
FOTU_3418,
FOTU_3413,
FOTU_3399,
FOTU_3409,
FOTU_3434,
FOTU_3425,
FOTU_3430,
FOTU_3392,
FOTU_3394,
FOTU_3401,
FOTU_3424,
FOTU_3415,
FOTU_3441,
FOTU_3444,
FOTU_3385,Fungi,Basidiomycota,Agaricomycetes,Cantharellales,Ceratobasidiaceae
FOTU_3356,
FOTU_3416,
FOTU_3421,
FOTU_3411,
FOTU_3390,
FOTU_3445,Fungi,Ascomycota
FOTU_3439,
FOTU_3420,
FOTU_3431,
FOTU_3449,
FOTU_3432,
FOTU_3438,
FOTU_3456,
FOTU_3443,Fungi,Ascomycota,Sordariomycetes,Sordariales,Chaetomiaceae,Humicola,Humicola_sardiniae
FOTU_3429,
FOTU_3404,
FOTU_3453,
FOTU_3368,
FOTU_3448,
FOTU_3402,
FOTU_3389,
FOTU_3422,
FOTU_3466,
FOTU_3440,
FOTU_3451,
FOTU_3371,
FOTU_3471,
FOTU_3381,
FOTU_3437,
FOTU_3474,
FOTU_3423,
FOTU_3467,
FOTU_3481,
FOTU_3426,
FOTU_3459,
FOTU_3455,
FOTU_3463,
FOTU_3435,
FOTU_3447,
FOTU_3479,
FOTU_3433,
FOTU_3454,
FOTU_3469,
FOTU_3419,
FOTU_3457,
FOTU_3485,
FOTU_3446,
FOTU_3461,
FOTU_3436,
FOTU_3428,
FOTU_3476,
FOTU_3465,
FOTU_3482,
FOTU_3473,
FOTU_3483,
FOTU_3462,
FOTU_3490,
FOTU_3478,
FOTU_3468,
FOTU_3506,
FOTU_3510,
FOTU_3492,
FOTU_3501,
FOTU_3500,
FOTU_3477,
FOTU_3486,
FOTU_3509,
FOTU_3480,
FOTU_3503,
FOTU_3460,
FOTU_3512,
FOTU_3450,
FOTU_3518,
FOTU_3513,
FOTU_3498,
FOTU_3442,
FOTU_3458,
FOTU_3464,
FOTU_3452,Fungi,Mortierellomycota,Mortierellomycetes,Mortierellales,Mortierellaceae,Mortierella
FOTU_3491,
FOTU_3520,
FOTU_3484,
FOTU_3504,
FOTU_3488,
FOTU_3514,
FOTU_3472,
FOTU_3524,
FOTU_3508,
FOTU_3531,
FOTU_3493,
FOTU_3499,
FOTU_3526,
FOTU_3523,
FOTU_3525,
FOTU_3516,
FOTU_3534,
FOTU_3505,
FOTU_3487,
FOTU_3539,
FOTU_3494,
FOTU_3517,
FOTU_3515,
FOTU_3511,
FOTU_3497,
FOTU_3470,
FOTU_3527,
FOTU_3530,
FOTU_3535,Fungi,Ascomycota,Sordariomycetes,Hypocreales,Nectriaceae,Fusarium
FOTU_3529,
FOTU_3547,
FOTU_3542,
FOTU_3495,
FOTU_3533,
FOTU_3543,
FOTU_3561,
FOTU_3545,
FOTU_3541,
FOTU_3521,
FOTU_3519,
FOTU_3538,
FOTU_3565,
FOTU_3532,
FOTU_3568,
FOTU_3496,
FOTU_3546,
FOTU_3559,
FOTU_3558,
FOTU_3556,
FOTU_3475,
FOTU_3560,
FOTU_3555,
FOTU_3536,
FOTU_3522,
FOTU_3564,
FOTU_3540,
FOTU_3554,
FOTU_3502,
FOTU_3548,Fungi,Ascomycota,Sordariomycetes
FOTU_3557,
FOTU_3553,
FOTU_3566,
FOTU_3581,
FOTU_3551,
FOTU_3489,
FOTU_3507,
FOTU_3562,
FOTU_3572,
FOTU_3549,
FOTU_3575,
FOTU_3588,
FOTU_3528,
FOTU_3587,
FOTU_3585,
FOTU_3570,
FOTU_3598,
FOTU_3602,
FOTU_3576,
FOTU_3580,
FOTU_3574,
FOTU_3579,
FOTU_3537,
FOTU_3573,
FOTU_3594,
FOTU_3603,
FOTU_3552,
FOTU_3609,
FOTU_3563,
FOTU_3589,
FOTU_3590,
FOTU_3606,
FOTU_3582,
FOTU_3577,
FOTU_3626,
FOTU_3567,
FOTU_3632,
FOTU_3631,
FOTU_3599,
FOTU_3629,
FOTU_3583,
FOTU_3608,
FOTU_3617,
FOTU_3550,
FOTU_3607,
FOTU_3591,
FOTU_3571,
FOTU_3586,
FOTU_3604,Fungi,Ascomycota,Sordariomycetes,Hypocreales,Nectriaceae,Fusarium
FOTU_3584,
FOTU_3621,
FOTU_3614,
FOTU_3600,
FOTU_3597,
FOTU_3616,
FOTU_3544,
FOTU_3634,
FOTU_3595,Fungi,Basidiomycota,Microbotryomycetes,Sporidiobolales,Sporidiobolaceae,Sporobolomyces
FOTU_3605,
FOTU_3639,
FOTU_3638,
FOTU_3610,
FOTU_3624,
FOTU_3592,
FOTU_3640,
FOTU_3618,Fungi,Ascomycota,Sordariomycetes,Hypocreales,Hypocreaceae,Trichoderma
FOTU_3596,
FOTU_3628,Fungi,Ascomycota,Sordariomycetes,Sordariales,Chaetomiaceae,Humicola,Humicola_sardiniae
FOTU_3623,
FOTU_3642,
FOTU_3660,
FOTU_3656,
FOTU_3653,
FOTU_3659,
FOTU_3601,
FOTU_3635,
FOTU_3654,Fungi,Basidiomycota,Agaricomycetes,Cantharellales,Ceratobasidiaceae
FOTU_3664,
FOTU_3647,
FOTU_3657,
FOTU_3644,
FOTU_3613,
FOTU_3636,
FOTU_3622,
FOTU_3625,
FOTU_3615,
FOTU_3578,Fungi,Ascomycota,Sordariomycetes,Hypocreales
FOTU_3649,
FOTU_3669,
FOTU_3676,
FOTU_3658,
FOTU_3655,
FOTU_3661,
FOTU_3673,
FOTU_3662,
FOTU_3648,
FOTU_3643,
FOTU_3641,
FOTU_3620,
FOTU_3663,
FOTU_3678,
FOTU_3569,Fungi,Ascomycota,Sordariomycetes,Sordariales,Chaetomiaceae,Humicola,Humicola_sardiniae
FOTU_3630,
FOTU_3665,
FOTU_3627,
FOTU_3637,
FOTU_3679,
FOTU_3619,
FOTU_3666,
FOTU_3685,
FOTU_3652,
FOTU_3612,
FOTU_3611,
FOTU_3650,
FOTU_3693,
FOTU_3681,
FOTU_3667,
FOTU_3697,
FOTU_3672,
FOTU_3674,
FOTU_3700,
FOTU_3668,
FOTU_3684,
FOTU_3651,
FOTU_3633,
FOTU_3696,
FOTU_3645,
FOTU_3692,
FOTU_3706,
FOTU_3646,
FOTU_3701,
FOTU_3675,
FOTU_3593,
FOTU_3687,
FOTU_3694,
FOTU_3682,Fungi,Ascomycota,Dothideomycetes,Capnodiales,Cladosporiaceae,Cladosporium
FOTU_3680,
FOTU_3705,
FOTU_3677,
FOTU_3683,
FOTU_3670,
FOTU_3671,
FOTU_3695,
FOTU_3699,
FOTU_3686,
FOTU_3702,
FOTU_3723,
FOTU_3719,
FOTU_3722,
FOTU_3716,
FOTU_3738,
FOTU_3707,
FOTU_3741,
FOTU_3713,
FOTU_3725,
FOTU_3711,
FOTU_3709,
FOTU_3739,
FOTU_3715,
FOTU_3714,Fungi,Basidiomycota,Agaricomycetes,Cantharellales,Ceratobasidiaceae,Ceratobasidium
FOTU_3742,
FOTU_3689,
FOTU_3721,Fungi,Ascomycota,Dothideomycetes,Pleosporales
FOTU_3717,
FOTU_3704,
FOTU_3703,Fungi,Mortierellomycota,Mortierellomycetes,Mortierellales,Mortierellaceae
FOTU_3731,
FOTU_3690,
FOTU_3729,
FOTU_3688,
FOTU_3736,
FOTU_3712,
FOTU_3691,
FOTU_3727,Fungi,Ascomycota,Dothideomycetes,Pleosporales
FOTU_3732,Fungi,Ascomycota,Sordariomycetes,Hypocreales,Sarocladium,Sarocladium_zeae
FOTU_3710,Fungi,Ascomycota,Dothideomycetes,Pleosporales
FOTU_3718,Fungi,Mortierellomycota,Mortierellomycetes,Mortierellales,Mortierellaceae,Mortierella
FOTU_3698,
FOTU_3720,
FOTU_3728,Fungi,Ascomycota,Sordariomycetes,Hypocreales
FOTU_3730,
FOTU_3744,
FOTU_3753,
FOTU_3749,
FOTU_3763,
FOTU_3724,
FOTU_3754,
FOTU_3751,
FOTU_3769,
FOTU_3757,
FOTU_3765,
FOTU_3733,
FOTU_3735,
FOTU_3743,
FOTU_3759,
FOTU_3762,
FOTU_3750,
FOTU_3726,
FOTU_3780,
FOTU_3787,
FOTU_3761,
FOTU_3747,
FOTU_3737,Fungi,Basidiomycota,Tremellomycetes,Filobasidiales,Filobasidiaceae,Filobasidium
FOTU_3755,
FOTU_3782,
FOTU_3776,
FOTU_3772,
FOTU_3788,
FOTU_3748,
FOTU_3774,
FOTU_3740,
FOTU_3773,Fungi,Basidiomycota,Microbotryomycetes,Sporidiobolales,Sporidiobolaceae,Sporobolomyces
FOTU_3708,
FOTU_3777,
FOTU_3794,
FOTU_3746,
FOTU_3798,
FOTU_3804,
FOTU_3758,
FOTU_3784,
FOTU_3800,
FOTU_3779,
FOTU_3801,
FOTU_3764,Fungi,Ascomycota,Sordariomycetes,Sordariales,Chaetomiaceae
FOTU_3811,
FOTU_3806,
FOTU_3783,
FOTU_3766,
FOTU_3756,
FOTU_3789,
FOTU_3815,
FOTU_3812,
FOTU_3793,
FOTU_3786,
FOTU_3785,
FOTU_3817,Fungi,Ascomycota,Sordariomycetes,Sordariales,Chaetomiaceae,Humicola,Humicola_sardiniae
FOTU_3745,
FOTU_3778,
FOTU_3796,
FOTU_3768,
FOTU_3799,
FOTU_3790,
FOTU_3795,
FOTU_3818,
FOTU_3816,
FOTU_3819,
FOTU_3734,Fungi,Ascomycota,Sordariomycetes,Hypocreales,Nectriaceae,Fusarium
FOTU_3767,
FOTU_3822,
FOTU_3824,
FOTU_3821,Fungi,Ascomycota,Dothideomycetes,Mycosphaerellales,Mycosphaerellaceae,Zymoseptoria
FOTU_3771,
FOTU_3820,
FOTU_3797,
FOTU_3770,
FOTU_3792,
FOTU_3810,
FOTU_3828,
FOTU_3775,
FOTU_3752,
FOTU_3791,
FOTU_3825,
FOTU_3802,
FOTU_3831,
FOTU_3814,
FOTU_3834,
FOTU_3807,
FOTU_3853,
FOTU_3823,
FOTU_3830,
FOTU_3851,
FOTU_3781,
FOTU_3845,
FOTU_3805,
FOTU_3760,
FOTU_3849,
FOTU_3809,
FOTU_3855,
FOTU_3857,
FOTU_3838,
FOTU_3835,
FOTU_3826,
FOTU_3829,
FOTU_3864,
FOTU_3808,
FOTU_3859,
FOTU_3852,
FOTU_3854,
FOTU_3837,
FOTU_3850,
FOTU_3833,
FOTU_3865,
FOTU_3848,
FOTU_3840,
FOTU_3861,
FOTU_3885,
FOTU_3874,
FOTU_3842,
FOTU_3878,
FOTU_3880,
FOTU_3839,
FOTU_3867,
FOTU_3873,
FOTU_3877,
FOTU_3803,
FOTU_3863,
FOTU_3844,
FOTU_3836,
FOTU_3843,
FOTU_3884,
FOTU_3876,
FOTU_3900,
FOTU_3813,
FOTU_3896,
FOTU_3858,
FOTU_3841,
FOTU_3847,
FOTU_3866,
FOTU_3904,
FOTU_3902,
FOTU_3827,
FOTU_3892,
FOTU_3856,Fungi,Ascomycota,Sordariomycetes,Hypocreales,Hypocreaceae,Trichoderma
FOTU_3898,
FOTU_3908,
FOTU_3903,
FOTU_3871,
FOTU_3910,
FOTU_3860,
FOTU_3890,
FOTU_3901,
FOTU_3881,
FOTU_3882,
FOTU_3891,Fungi,Ascomycota,Dothideomycetes,Capnodiales,Cladosporiaceae,Cladosporium
FOTU_3879,Fungi,Basidiomycota,Microbotryomycetes,Sporidiobolales,Sporidiobolaceae,Sporobolomyces
FOTU_3846,
FOTU_3912,
FOTU_3894,
FOTU_3905,
FOTU_3919,
FOTU_3869,
FOTU_3883,
FOTU_3872,
FOTU_3887,
FOTU_3868,
FOTU_3832,
FOTU_3913,
FOTU_3889,
FOTU_3899,
FOTU_3875,
FOTU_3914,
FOTU_3922,
FOTU_3918,
FOTU_3893,
FOTU_3862,
FOTU_3886,
FOTU_3916,
FOTU_3920,
FOTU_3888,
FOTU_3936,
FOTU_3932,
FOTU_3942,
FOTU_3929,
FOTU_3933,
FOTU_3927,Fungi,Ascomycota,Sordariomycetes,Sordariales,Chaetomiaceae
FOTU_3947,
FOTU_3906,
FOTU_3945,
FOTU_3943,
FOTU_3907,
FOTU_3915,
FOTU_3930,Fungi,Ascomycota,Sordariomycetes,Glomerellales,Glomerellaceae,Colletotrichum
FOTU_3917,Fungi,Ascomycota,Saccharomycetes,Saccharomycetales,Debaryomycetaceae,Meyerozyma,Meyerozyma_carpophila
FOTU_3957,
FOTU_3895,
FOTU_3931,
FOTU_3955,
FOTU_3870,Fungi,Ascomycota,Sordariomycetes,Hypocreales,Nectriaceae,Fusarium,Fusarium_equiseti
FOTU_3897,
FOTU_3941,
FOTU_3953,
FOTU_3954,
FOTU_3961,
FOTU_3949,
FOTU_3911,
FOTU_3909,
FOTU_3963,
FOTU_3968,
FOTU_3940,
FOTU_3938,
FOTU_3972,
FOTU_3935,
FOTU_3964,
FOTU_3973,
FOTU_3965,
FOTU_3956,
FOTU_3921,
FOTU_3983,
FOTU_3926,
FOTU_3966,
FOTU_3952,Fungi,Ascomycota,Sordariomycetes,Hypocreales
FOTU_3944,
FOTU_3948,
FOTU_3925,
FOTU_3960,Fungi,Ascomycota,Sordariomycetes
FOTU_3967,
FOTU_3934,
FOTU_3939,
FOTU_3928,
FOTU_3977,
FOTU_3958,
FOTU_3950,
FOTU_3937,
FOTU_3989,
FOTU_3975,
FOTU_3969,
FOTU_3974,
FOTU_3985,
FOTU_3991,
FOTU_3996,
FOTU_3924,
FOTU_3978,
FOTU_3962,
FOTU_4010,
FOTU_3990,
FOTU_4001,
FOTU_3951,
FOTU_4007,
FOTU_3988,
FOTU_3971,
FOTU_4018,
FOTU_3946,
FOTU_3923,Fungi,Ascomycota,Sordariomycetes,Hypocreales
FOTU_3987,
FOTU_3997,
FOTU_3970,
FOTU_3984,
FOTU_3999,
FOTU_4023,
FOTU_4015,
FOTU_4008,
FOTU_3992,
FOTU_3982,Fungi,Ascomycota,Eurotiomycetes,Eurotiales,Aspergillaceae
FOTU_4016,
FOTU_3995,
FOTU_4009,
FOTU_4004,
FOTU_4012,
FOTU_4006,
FOTU_4034,
FOTU_4005,
FOTU_3959,
FOTU_3980,
FOTU_4027,
FOTU_3994,
FOTU_4040,
FOTU_4003,
FOTU_4014,
FOTU_4028,
FOTU_4030,
FOTU_4000,
FOTU_3979,
FOTU_4002,
FOTU_4026,
FOTU_4041,
FOTU_3993,
FOTU_4035,
FOTU_3998,
FOTU_4050,
FOTU_4029,
FOTU_4045,
FOTU_4022,
FOTU_4058,
FOTU_3981,
FOTU_3976,
FOTU_4042,
FOTU_4047,
FOTU_4024,
FOTU_4036,
FOTU_4049,
FOTU_4011,
FOTU_3986,
FOTU_4053,
FOTU_4019,
FOTU_4031,
FOTU_4048,
FOTU_4064,
FOTU_4062,
FOTU_4013,
FOTU_4060,
FOTU_4025,
FOTU_4063,
FOTU_4020,
FOTU_4046,
FOTU_4032,
FOTU_4070,
FOTU_4073,
FOTU_4037,
FOTU_4044,
FOTU_4074,
FOTU_4069,
FOTU_4083,
FOTU_4057,Fungi,Ascomycota,Sordariomycetes,Sordariales,Chaetomiaceae
FOTU_4072,
FOTU_4033,
FOTU_4017,
FOTU_4076,
FOTU_4021,
FOTU_4061,
FOTU_4079,
FOTU_4066,
FOTU_4071,
FOTU_4081,
FOTU_4055,
FOTU_4065,
FOTU_4068,
FOTU_4056,Fungi,Ascomycota,Sordariomycetes,Hypocreales,Hypocreaceae,Trichoderma
FOTU_4088,
FOTU_4109,
FOTU_4054,
FOTU_4067,
FOTU_4085,
FOTU_4102,
FOTU_4082,
FOTU_4099,
FOTU_4059,
FOTU_4112,
FOTU_4087,
FOTU_4114,
FOTU_4101,
FOTU_4075,
FOTU_4096,
FOTU_4097,
FOTU_4039,
FOTU_4123,
FOTU_4098,
FOTU_4104,Fungi,Ascomycota,Sordariomycetes,Hypocreales,Hypocreaceae,Trichoderma
FOTU_4084,
FOTU_4038,
FOTU_4091,
FOTU_4106,
FOTU_4078,
FOTU_4080,
FOTU_4043,
FOTU_4108,
FOTU_4090,
FOTU_4122,
FOTU_4119,
FOTU_4051,
FOTU_4089,
FOTU_4052,
FOTU_4107,
FOTU_4129,
FOTU_4121,Fungi,Ascomycota,Sordariomycetes,Glomerellales,Plectosphaerellaceae,Gibellulopsis
FOTU_4093,
FOTU_4133,
FOTU_4105,
FOTU_4130,
FOTU_4092,Fungi,Ascomycota,Dothideomycetes,Pleosporales
FOTU_4095,
FOTU_4126,
FOTU_4113,
FOTU_4152,
FOTU_4086,
FOTU_4120,Fungi,Ascomycota,Sordariomycetes,Hypocreales
FOTU_4115,
FOTU_4124,
FOTU_4094,
FOTU_4139,
FOTU_4135,
FOTU_4132,
FOTU_4141,
FOTU_4117,
FOTU_4142,
FOTU_4149,
FOTU_4150,
FOTU_4077,
FOTU_4146,
FOTU_4125,
FOTU_4103,
FOTU_4137,Fungi,Ascomycota,Dothideomycetes,Mycosphaerellales,Mycosphaerellaceae,Zymoseptoria
FOTU_4100,Fungi,Basidiomycota,Cystobasidiomycetes
FOTU_4131,
FOTU_4166,
FOTU_4148,
FOTU_4118,
FOTU_4160,
FOTU_4162,
FOTU_4145,
FOTU_4172,
FOTU_4140,
FOTU_4111,
FOTU_4134,
FOTU_4144,
FOTU_4161,
FOTU_4158,
FOTU_4169,Fungi,Mortierellomycota,Mortierellomycetes,Mortierellales,Mortierellaceae,Mortierella
FOTU_4110,
FOTU_4181,
FOTU_4163,
FOTU_4138,
FOTU_4182,
FOTU_4179,
FOTU_4136,
FOTU_4151,
FOTU_4176,
FOTU_4154,
FOTU_4155,
FOTU_4168,
FOTU_4165,
FOTU_4186,
FOTU_4159,
FOTU_4187,
FOTU_4174,
FOTU_4147,
FOTU_4127,
FOTU_4190,
FOTU_4116,
FOTU_4178,
FOTU_4173,
FOTU_4153,
FOTU_4128,
FOTU_4171,
FOTU_4196,
FOTU_4189,
FOTU_4183,
FOTU_4198,
FOTU_4143,
FOTU_4195,
FOTU_4180,
FOTU_4167,
FOTU_4208,
FOTU_4194,
FOTU_4156,
FOTU_4175,
FOTU_4157,
FOTU_4204,
FOTU_4184,
FOTU_4211,
FOTU_4215,
FOTU_4209,
FOTU_4191,
FOTU_4170,
FOTU_4214,
FOTU_4218,
FOTU_4206,
FOTU_4223,
FOTU_4217,
FOTU_4226,
FOTU_4216,
FOTU_4199,
FOTU_4177,
FOTU_4201,
FOTU_4225,
FOTU_4164,
FOTU_4200,
FOTU_4224,
FOTU_4185,
FOTU_4210,
FOTU_4202,
FOTU_4193,
FOTU_4205,
FOTU_4237,
FOTU_4258,
FOTU_4230,
FOTU_4229,
FOTU_4244,
FOTU_4241,
FOTU_4262,
FOTU_4207,
FOTU_4219,
FOTU_4242,
FOTU_4203,
FOTU_4238,
FOTU_4233,
FOTU_4222,
FOTU_4252,Fungi,Ascomycota,Sordariomycetes,Hypocreales
FOTU_4250,
FOTU_4253,
FOTU_4197,
FOTU_4254,
FOTU_4221,
FOTU_4212,
FOTU_4261,
FOTU_4227,
FOTU_4264,
FOTU_4232,
FOTU_4228,
FOTU_4247,
FOTU_4260,Fungi,Ascomycota,Eurotiomycetes,Eurotiales,Aspergillaceae,Penicillium
FOTU_4243,
FOTU_4192,
FOTU_4270,Fungi,Ascomycota,Sordariomycetes,Hypocreales,Nectriaceae,Fusarium
FOTU_4255,
FOTU_4235,
FOTU_4277,
FOTU_4220,Fungi,Ascomycota,Dothideomycetes,Pleosporales,Pleosporaceae,Curvularia,Curvularia_xishuangbannaensis
FOTU_4257,
FOTU_4249,
FOTU_4188,
FOTU_4284,
FOTU_4239,Fungi,Ascomycota,Taphrinomycetes,Taphrinales,Taphrinaceae,Taphrina,Taphrina_inositophila
FOTU_4269,
FOTU_4248,
FOTU_4256,
FOTU_4275,Fungi,Ascomycota,Dothideomycetes,Capnodiales,Cladosporiaceae,Cladosporium
FOTU_4293,
FOTU_4288,
FOTU_4236,
FOTU_4290,
FOTU_4245,
FOTU_4271,
FOTU_4273,
FOTU_4272,
FOTU_4303,
FOTU_4307,
FOTU_4234,
FOTU_4296,
FOTU_4305,
FOTU_4295,
FOTU_4304,
FOTU_4246,
FOTU_4279,
FOTU_4298,
FOTU_4291,
FOTU_4267,Fungi,Ascomycota,Sordariomycetes,Sordariales,Chaetomiaceae,Humicola,Humicola_sardiniae
FOTU_4299,Fungi,Mortierellomycota,Mortierellomycetes,Mortierellales,Mortierellaceae,Mortierella
FOTU_4213,
FOTU_4310,
FOTU_4281,
FOTU_4276,
FOTU_4268,
FOTU_4319,
FOTU_4282,
FOTU_4285,
FOTU_4294,Fungi,Mortierellomycota,Mortierellomycetes,Mortierellales,Mortierellaceae,Linnemannia
FOTU_4315,
FOTU_4308,
FOTU_4259,Fungi,Mortierellomycota,Mortierellomycetes,Mortierellales,Mortierellaceae,Mortierella
FOTU_4240,
FOTU_4306,
FOTU_4251,
FOTU_4292,
FOTU_4283,Fungi,Ascomycota,Dothideomycetes
FOTU_4289,
FOTU_4231,
FOTU_4263,
FOTU_4312,
FOTU_4287,
FOTU_4278,
FOTU_4266,
FOTU_4311,
FOTU_4327,
FOTU_4314,
FOTU_4329,
FOTU_4335,
FOTU_4302,
FOTU_4265,
FOTU_4280,
FOTU_4325,
FOTU_4301,
FOTU_4324,
FOTU_4297,
FOTU_4330,
FOTU_4313,
FOTU_4286,
FOTU_4322,
FOTU_4351,
FOTU_4346,
FOTU_4348,
FOTU_4320,
FOTU_4353,
FOTU_4349,
FOTU_4309,
FOTU_4340,
FOTU_4332,
FOTU_4316,
FOTU_4274,
FOTU_4338,
FOTU_4328,
FOTU_4333,
FOTU_4331,
FOTU_4318,Fungi,Ascomycota,Dothideomycetes,Mycosphaerellales,Mycosphaerellaceae,Zymoseptoria
FOTU_4341,
FOTU_4317,
FOTU_4359,
FOTU_4358,
FOTU_4321,Fungi,Ascomycota,Sordariomycetes,Sordariales,Chaetomiaceae,Humicola,Humicola_sardiniae
FOTU_4334,
FOTU_4364,
FOTU_4362,
FOTU_4363,
FOTU_4300,
FOTU_4343,
FOTU_4366,
FOTU_4336,
FOTU_4350,
FOTU_4344,
FOTU_4337,
FOTU_4355,
FOTU_4345,
FOTU_4367,
FOTU_4323,
FOTU_4357,Fungi,Ascomycota,Eurotiomycetes,Eurotiales,Aspergillaceae,Talaromyces
FOTU_4370,
FOTU_4393,
FOTU_4378,
FOTU_4395,
FOTU_4375,
FOTU_4374,
FOTU_4411,Fungi,Ascomycota,Sordariomycetes,Sordariales,Chaetomiaceae
FOTU_4410,
FOTU_4403,
FOTU_4347,
FOTU_4342,Fungi,Ascomycota,Sordariomycetes,Sordariales,Chaetomiaceae,Humicola,Humicola_sardiniae
FOTU_4392,
FOTU_4365,Fungi,Ascomycota,Sordariomycetes,Glomerellales,Plectosphaerellaceae,Gibellulopsis,Gibellulopsis_piscis
FOTU_4382,
FOTU_4369,
FOTU_4377,
FOTU_4390,
FOTU_4372,
FOTU_4326,
FOTU_4379,
FOTU_4356,
FOTU_4371,
FOTU_4418,
FOTU_4402,
FOTU_4380,
FOTU_4394,
FOTU_4400,
FOTU_4384,
FOTU_4409,
FOTU_4414,
FOTU_4406,
FOTU_4386,
FOTU_4368,
FOTU_4373,
FOTU_4352,
FOTU_4339,
FOTU_4408,
FOTU_4421,
FOTU_4422,
FOTU_4412,
FOTU_4391,
FOTU_4415,
FOTU_4397,
FOTU_4398,
FOTU_4407,
FOTU_4417,
FOTU_4381,
FOTU_4376,
FOTU_4425,
FOTU_4396,
FOTU_4387,
FOTU_4413,
FOTU_4430,
FOTU_4437,
FOTU_4432,
FOTU_4360,
FOTU_4354,Fungi,Ascomycota,Eurotiomycetes,Eurotiales,Aspergillaceae,Penicillium
FOTU_4389,
FOTU_4388,
FOTU_4424,
FOTU_4444,
FOTU_4436,
FOTU_4361,
FOTU_4416,
FOTU_4443,
FOTU_4427,
FOTU_4401,
FOTU_4405,
FOTU_4399,
FOTU_4404,
FOTU_4453,
FOTU_4419,
FOTU_4428,
FOTU_4433,
FOTU_4435,
FOTU_4456,
FOTU_4426,
FOTU_4462,
FOTU_4464,
FOTU_4450,
FOTU_4431,
FOTU_4449,
FOTU_4452,
FOTU_4429,
FOTU_4385,
FOTU_4463,
FOTU_4423,
FOTU_4467,
FOTU_4383,
FOTU_4448,
FOTU_4439,
FOTU_4457,
FOTU_4445,
FOTU_4469,
FOTU_4460,
FOTU_4473,Fungi,Ascomycota,Sordariomycetes,Hypocreales
FOTU_4447,
FOTU_4441,
FOTU_4434,
FOTU_4451,
FOTU_4471,
FOTU_4442,
FOTU_4482,
FOTU_4477,
FOTU_4454,
FOTU_4468,
FOTU_4503,
FOTU_4466,
FOTU_4493,
FOTU_4470,Fungi,Ascomycota,Sordariomycetes,Hypocreales
FOTU_4458,
FOTU_4502,
FOTU_4420,
FOTU_4511,
FOTU_4479,
FOTU_4478,
FOTU_4508,
FOTU_4513,
FOTU_4476,
FOTU_4487,
FOTU_4461,
FOTU_4474,
FOTU_4517,
FOTU_4496,
FOTU_4484,
FOTU_4459,
FOTU_4489,
FOTU_4488,
FOTU_4497,
FOTU_4528,
FOTU_4519,
FOTU_4520,
FOTU_4446,
FOTU_4438,
FOTU_4506,
FOTU_4507,
FOTU_4524,
FOTU_4495,
FOTU_4494,
FOTU_4486,
FOTU_4501,
FOTU_4518,
FOTU_4498,
FOTU_4515,
FOTU_4539,
FOTU_4516,
FOTU_4455,
FOTU_4480,
FOTU_4526,
FOTU_4532,
FOTU_4538,
FOTU_4514,
FOTU_4500,
FOTU_4481,Fungi,Basidiomycota,Tremellomycetes,Tremellales
FOTU_4472,
FOTU_4510,
FOTU_4491,
FOTU_4527,
FOTU_4505,
FOTU_4485,
FOTU_4546,
FOTU_4544,
FOTU_4509,
FOTU_4465,
FOTU_4499,
FOTU_4523,Fungi,Ascomycota,Sordariomycetes,Hypocreales,Nectriaceae
FOTU_4440,
FOTU_4543,
FOTU_4490,
FOTU_4550,
FOTU_4522,
FOTU_4545,
FOTU_4475,
FOTU_4492,
FOTU_4483,Fungi,Ascomycota,Dothideomycetes,Mycosphaerellales,Mycosphaerellaceae,Zymoseptoria
FOTU_4525,
FOTU_4558,
FOTU_4555,
FOTU_4504,
FOTU_4541,
FOTU_4551,
FOTU_4556,
FOTU_4531,
FOTU_4559,
FOTU_4560,
FOTU_4536,
FOTU_4557,
FOTU_4534,
FOTU_4533,
FOTU_4575,
FOTU_4540,
FOTU_4552,
FOTU_4547,
FOTU_4567,
FOTU_4582,
FOTU_4563,
FOTU_4570,
FOTU_4584,Fungi,Basidiomycota,Agaricomycetes,Cantharellales,Ceratobasidiaceae,Ceratobasidium
FOTU_4578,
FOTU_4512,
FOTU_4529,
FOTU_4590,
FOTU_4542,
FOTU_4577,
FOTU_4587,
FOTU_4585,
FOTU_4586,
FOTU_4521,
FOTU_4591,
FOTU_4548,
FOTU_4566,
FOTU_4565,
FOTU_4569,
FOTU_4561,
FOTU_4594,
FOTU_4574,
FOTU_4589,
FOTU_4588,Fungi,Ascomycota,Sordariomycetes,Glomerellales,Glomerellaceae,Colletotrichum
FOTU_4562,
FOTU_4573,
FOTU_4549,Fungi,Ascomycota,Sordariomycetes,Glomerellales,Plectosphaerellaceae,Plectosphaerella
FOTU_4580,
FOTU_4583,
FOTU_4608,
FOTU_4553,
FOTU_4597,
FOTU_4600,
FOTU_4581,
FOTU_4605,
FOTU_4595,
FOTU_4602,
FOTU_4571,
FOTU_4554,
FOTU_4601,
FOTU_4568,
FOTU_4615,
FOTU_4530,
FOTU_4537,Fungi,Ascomycota,Sordariomycetes,Hypocreales,Hypocreaceae,Trichoderma
FOTU_4535,
FOTU_4620,
FOTU_4579,
FOTU_4564,Fungi,Ascomycota,Sordariomycetes,Sordariales,Chaetomiaceae,Humicola,Humicola_sardiniae
FOTU_4607,
FOTU_4572,
FOTU_4596,
FOTU_4623,
FOTU_4592,
FOTU_4606,
FOTU_4618,
FOTU_4631,
FOTU_4612,
FOTU_4637,
FOTU_4648,
FOTU_4613,
FOTU_4627,
FOTU_4622,
FOTU_4626,
FOTU_4619,
FOTU_4603,
FOTU_4610,
FOTU_4593,
FOTU_4642,
FOTU_4644,
FOTU_4598,
FOTU_4604,
FOTU_4624,
FOTU_4633,
FOTU_4660,
FOTU_4632,
FOTU_4599,Fungi,Ascomycota,Sordariomycetes
FOTU_4651,
FOTU_4609,
FOTU_4662,Fungi,Ascomycota,Sordariomycetes
FOTU_4639,
FOTU_4658,
FOTU_4625,
FOTU_4664,
FOTU_4638,
FOTU_4661,
FOTU_4655,
FOTU_4646,
FOTU_4640,
FOTU_4670,
FOTU_4667,
FOTU_4617,
FOTU_4576,
FOTU_4628,
FOTU_4669,
FOTU_4657,
FOTU_4629,
FOTU_4636,
FOTU_4630,
FOTU_4665,Fungi,Ascomycota,Sordariomycetes,Glomerellales,Glomerellaceae,Colletotrichum
FOTU_4656,
FOTU_4616,
FOTU_4650,
FOTU_4647,
FOTU_4674,
FOTU_4685,
FOTU_4621,
FOTU_4641,
FOTU_4634,
FOTU_4673,
FOTU_4659,
FOTU_4614,
FOTU_4654,
FOTU_4679,
FOTU_4611,
FOTU_4677,
FOTU_4680,
FOTU_4692,
FOTU_4705,
FOTU_4675,Fungi,Mortierellomycota,Mortierellomycetes,Mortierellales,Mortierellaceae,Mortierella,Mortierella_calciphila
FOTU_4652,
FOTU_4687,
FOTU_4708,
FOTU_4649,
FOTU_4663,
FOTU_4697,
FOTU_4668,
FOTU_4682,Fungi,Ascomycota,Sordariomycetes,Hypocreales,Hypocreaceae,Trichoderma
FOTU_4703,
FOTU_4710,
FOTU_4709,
FOTU_4666,
FOTU_4690,
FOTU_4695,
FOTU_4643,
FOTU_4691,
FOTU_4653,
FOTU_4681,
FOTU_4693,
FOTU_4689,
FOTU_4694,
FOTU_4712,
FOTU_4721,
FOTU_4635,
FOTU_4684,
FOTU_4716,
FOTU_4719,
FOTU_4645,
FOTU_4714,
FOTU_4671,
FOTU_4702,
FOTU_4727,
FOTU_4700,
FOTU_4683,
FOTU_4728,
FOTU_4734,
FOTU_4696,
FOTU_4737,
FOTU_4730,
FOTU_4707,
FOTU_4723,
FOTU_4711,
FOTU_4725,
FOTU_4672,
FOTU_4717,
FOTU_4738,
FOTU_4699,
FOTU_4686,
FOTU_4676,
FOTU_4739,
FOTU_4720,
FOTU_4747,
FOTU_4726,
FOTU_4688,
FOTU_4701,
FOTU_4744,
FOTU_4724,
FOTU_4715,
FOTU_4678,
FOTU_4750,
FOTU_4733,
FOTU_4745,
FOTU_4732,
FOTU_4746,
FOTU_4754,
FOTU_4749,
FOTU_4731,
FOTU_4698,
FOTU_4760,
FOTU_4748,
FOTU_4722,
FOTU_4729,
FOTU_4735,
FOTU_4713,
FOTU_4762,
FOTU_4758,
FOTU_4704,
FOTU_4766,
FOTU_4752,
FOTU_4792,
FOTU_4765,
FOTU_4741,
FOTU_4779,
FOTU_4753,
FOTU_4756,
FOTU_4755,
FOTU_4706,
FOTU_4759,
FOTU_4774,
FOTU_4767,
FOTU_4778,
FOTU_4791,
FOTU_4786,
FOTU_4773,
FOTU_4790,
FOTU_4742,Fungi,Ascomycota,Sordariomycetes,Hypocreales
FOTU_4751,
FOTU_4763,
FOTU_4764,
FOTU_4777,
FOTU_4775,
FOTU_4781,
FOTU_4789,
FOTU_4782,
FOTU_4788,
FOTU_4757,
FOTU_4718,
FOTU_4793,
FOTU_4796,
FOTU_4776,
FOTU_4769,
FOTU_4783,
FOTU_4799,
FOTU_4815,
FOTU_4743,
FOTU_4794,
FOTU_4736,
FOTU_4808,
FOTU_4801,
FOTU_4811,
FOTU_4819,
FOTU_4772,
FOTU_4807,
FOTU_4785,
FOTU_4802,
FOTU_4787,Fungi,Ascomycota,Sordariomycetes,Hypocreales,Nectriaceae,Fusarium
FOTU_4797,
FOTU_4821,
FOTU_4798,
FOTU_4810,
FOTU_4740,
FOTU_4812,
FOTU_4813,
FOTU_4834,
FOTU_4823,
FOTU_4827,
FOTU_4780,
FOTU_4761,
FOTU_4831,
FOTU_4816,
FOTU_4784,
FOTU_4768,
FOTU_4829,
FOTU_4817,
FOTU_4806,
FOTU_4840,
FOTU_4844,
FOTU_4822,
FOTU_4814,
FOTU_4826,
FOTU_4833,
FOTU_4842,
FOTU_4804,Fungi,Ascomycota,Sordariomycetes,Hypocreales
FOTU_4803,
FOTU_4855,
FOTU_4824,
FOTU_4809,
FOTU_4845,
FOTU_4835,
FOTU_4770,
FOTU_4832,
FOTU_4857,
FOTU_4839,
FOTU_4860,
FOTU_4863,
FOTU_4854,Fungi,Ascomycota,Sordariomycetes,Hypocreales,Hypocreaceae,Trichoderma
FOTU_4805,
FOTU_4865,
FOTU_4828,
FOTU_4862,
FOTU_4825,
FOTU_4872,
FOTU_4849,
FOTU_4873,
FOTU_4820,Fungi,Ascomycota,Dothideomycetes,Mycosphaerellales,Mycosphaerellaceae,Zymoseptoria
FOTU_4836,
FOTU_4851,Fungi,Ascomycota,Sordariomycetes,Hypocreales,Sarocladium,Sarocladium_zeae
FOTU_4870,Fungi,Basidiomycota,Cystobasidiomycetes,Symmetrosporaceae,Symmetrospora,Symmetrospora_proteacearum
FOTU_4859,
FOTU_4858,Fungi,Ascomycota,Dothideomycetes,Pleosporales
FOTU_4800,
FOTU_4771,
FOTU_4864,
FOTU_4852,
FOTU_4867,
FOTU_4837,
FOTU_4874,
FOTU_4818,
FOTU_4795,
FOTU_4850,
FOTU_4838,Fungi,Ascomycota,Sordariomycetes,Hypocreales,Nectriaceae,Fusarium
FOTU_4848,
FOTU_4861,
FOTU_4881,
FOTU_4841,
FOTU_4843,
FOTU_4846,
FOTU_4876,
FOTU_4869,
FOTU_4882,
FOTU_4896,
FOTU_4856,
FOTU_4892,Fungi,Ascomycota,Sordariomycetes,Hypocreales
FOTU_4885,
FOTU_4903,
FOTU_4847,
FOTU_4887,
FOTU_4909,
FOTU_4830,
FOTU_4880,
FOTU_4868,
FOTU_4877,
FOTU_4871,
FOTU_4879,
FOTU_4878,
FOTU_4914,
FOTU_4923,
FOTU_4895,
FOTU_4911,
FOTU_4853,
FOTU_4906,
FOTU_4921,
FOTU_4908,
FOTU_4886,
FOTU_4890,
FOTU_4935,
FOTU_4899,
FOTU_4905,
FOTU_4901,
FOTU_4918,
FOTU_4884,
FOTU_4893,
FOTU_4946,
FOTU_4904,
FOTU_4919,
FOTU_4915,
FOTU_4866,
FOTU_4898,
FOTU_4945,
FOTU_4924,
FOTU_4939,Fungi,Ascomycota
FOTU_4938,
FOTU_4902,
FOTU_4925,
FOTU_4930,
FOTU_4934,
FOTU_4912,
FOTU_4917,
FOTU_4913,
FOTU_4900,
FOTU_4929,
FOTU_4888,Fungi,Basidiomycota,Microbotryomycetes,Leucosporidiales,Leucosporidiaceae,Leucosporidium
FOTU_4928,
FOTU_4936,
FOTU_4949,
FOTU_4910,
FOTU_4958,
FOTU_4957,
FOTU_4926,
FOTU_4953,
FOTU_4940,
FOTU_4942,
FOTU_4891,Fungi,Basidiomycota,Agaricomycetes,Cantharellales,Ceratobasidiaceae,Ceratobasidium
FOTU_4959,
FOTU_4907,
FOTU_4948,
FOTU_4960,
FOTU_4922,
FOTU_4956,
FOTU_4952,
FOTU_4883,
FOTU_4967,
FOTU_4950,
FOTU_4889,
FOTU_4970,
FOTU_4933,
FOTU_4965,
FOTU_4951,
FOTU_4920,
FOTU_4894,
FOTU_4971,
FOTU_4937,
FOTU_4964,
FOTU_4932,
FOTU_4944,
FOTU_4977,
FOTU_4962,
FOTU_4875,
FOTU_4943,
FOTU_4966,
FOTU_4975,
FOTU_4980,
FOTU_4981,
FOTU_4969,
FOTU_4955,
FOTU_4927,
FOTU_4984,
FOTU_4954,
FOTU_4985,
FOTU_4992,
FOTU_4947,
FOTU_4972,
FOTU_4974,
FOTU_4916,
FOTU_4978,
FOTU_4979,
FOTU_4983,
FOTU_4994,
FOTU_4961,
FOTU_4963,
FOTU_4973,
FOTU_4995,
FOTU_4986,
FOTU_4931,
FOTU_4941,
FOTU_4982,
FOTU_4897,
FOTU_5012,
FOTU_5009,
FOTU_5004,Fungi,Ascomycota,Sordariomycetes,Hypocreales
FOTU_4968,
FOTU_5005,
FOTU_5003,Fungi,Ascomycota,Sordariomycetes,Hypocreales,Sarocladium,Sarocladium_zeae
FOTU_4988,
FOTU_4996,
FOTU_5014,
FOTU_5001,
FOTU_5017,
FOTU_4999,
FOTU_5021,
FOTU_5011,
FOTU_5033,
FOTU_4976,
FOTU_5008,Fungi,Ascomycota,Sordariomycetes,Hypocreales,Hypocreaceae,Trichoderma
FOTU_4989,
FOTU_5030,
FOTU_4993,
FOTU_5023,
FOTU_4991,Fungi,Ascomycota,Sordariomycetes,Hypocreales,Nectriaceae,Fusarium
FOTU_5015,
FOTU_5049,
FOTU_5025,
FOTU_5034,
FOTU_5024,
FOTU_5027,
FOTU_5031,Fungi,Mortierellomycota,Mortierellomycetes,Mortierellales,Mortierellaceae,Mortierella
FOTU_5000,
FOTU_4997,
FOTU_5007,
FOTU_5002,
FOTU_5044,
FOTU_4987,
FOTU_5036,
FOTU_5035,
FOTU_5022,
FOTU_5057,
FOTU_5047,
FOTU_5061,
FOTU_5013,
FOTU_5026,
FOTU_5040,
FOTU_5063,
FOTU_5055,
FOTU_5029,
FOTU_5039,
FOTU_5010,
FOTU_5082,
FOTU_5032,Fungi,Mortierellomycota,Mortierellomycetes,Mortierellales,Mortierellaceae
FOTU_5072,
FOTU_5075,
FOTU_5041,
FOTU_5020,
FOTU_4998,
FOTU_5058,
FOTU_5048,
FOTU_5081,
FOTU_5060,
FOTU_5054,
FOTU_5006,
FOTU_5052,
FOTU_5064,
FOTU_5084,
FOTU_5056,
FOTU_5028,
FOTU_5071,
FOTU_5046,
FOTU_5089,
FOTU_5080,
FOTU_5062,
FOTU_5069,
FOTU_5042,
FOTU_5038,
FOTU_5095,
FOTU_5059,
FOTU_5088,
FOTU_5045,
FOTU_5079,
FOTU_5018,
FOTU_5068,
FOTU_5051,
FOTU_5050,
FOTU_5067,Fungi,Ascomycota,Sordariomycetes,Sordariales,Chaetomiaceae
FOTU_5104,
FOTU_5094,
FOTU_5105,
FOTU_5078,
FOTU_5076,
FOTU_5073,Fungi,Ascomycota,Sordariomycetes,Sordariales,Chaetomiaceae
FOTU_5101,Fungi,Ascomycota,Eurotiomycetes,Eurotiales,Aspergillaceae,Penicillium
FOTU_5016,
FOTU_5053,
FOTU_4990,
FOTU_5108,
FOTU_5066,Fungi,Mortierellomycota,Mortierellomycetes,Mortierellales,Mortierellaceae
FOTU_5087,
FOTU_5083,
FOTU_5037,
FOTU_5093,
FOTU_5090,
FOTU_5109,
FOTU_5065,
FOTU_5019,
FOTU_5116,
FOTU_5091,
FOTU_5074,
FOTU_5110,
FOTU_5043,
FOTU_5077,
FOTU_5097,
FOTU_5070,
FOTU_5086,
FOTU_5113,
FOTU_5107,
FOTU_5120,Fungi
FOTU_5102,
FOTU_5099,
FOTU_5111,
FOTU_5115,
FOTU_5103,
FOTU_5123,
FOTU_5127,
FOTU_5096,
FOTU_5129,
FOTU_5124,
FOTU_5106,
FOTU_5098,
FOTU_5125,
FOTU_5128,
FOTU_5142,
FOTU_5144,
FOTU_5138,
FOTU_5114,
FOTU_5134,
FOTU_5117,
FOTU_5148,
FOTU_5137,
FOTU_5140,Fungi,Ascomycota,Sordariomycetes,Hypocreales,Nectriaceae,Fusarium
FOTU_5132,
FOTU_5100,
FOTU_5112,
FOTU_5118,
FOTU_5135,
FOTU_5085,
FOTU_5139,
FOTU_5164,
FOTU_5146,
FOTU_5122,
FOTU_5136,
FOTU_5165,
FOTU_5145,
FOTU_5092,
FOTU_5119,
FOTU_5168,
FOTU_5161,
FOTU_5147,
FOTU_5156,
FOTU_5172,Fungi,Ascomycota,Sordariomycetes,Sordariales,Chaetomiaceae,Humicola,Humicola_sardiniae
FOTU_5150,
FOTU_5151,
FOTU_5143,
FOTU_5159,
FOTU_5158,
FOTU_5121,
FOTU_5152,
FOTU_5170,
FOTU_5176,
FOTU_5181,
FOTU_5160,
FOTU_5154,
FOTU_5180,
FOTU_5177,Fungi,Ascomycota,Sordariomycetes,Hypocreales
FOTU_5166,
FOTU_5197,
FOTU_5130,
FOTU_5167,
FOTU_5157,Fungi,Mucoromycota,Mucoromycetes,Mucorales,Rhizopodaceae,Rhizopus,Rhizopus_microsporus
FOTU_5131,
FOTU_5141,
FOTU_5133,
FOTU_5175,
FOTU_5202,
FOTU_5199,
FOTU_5149,
FOTU_5179,
FOTU_5169,
FOTU_5186,
FOTU_5195,
FOTU_5155,
FOTU_5201,
FOTU_5196,
FOTU_5178,
FOTU_5211,
FOTU_5187,
FOTU_5153,
FOTU_5163,
FOTU_5198,
FOTU_5220,
FOTU_5192,
FOTU_5218,
FOTU_5206,
FOTU_5229,
FOTU_5184,
FOTU_5173,
FOTU_5227,
FOTU_5183,
FOTU_5215,
FOTU_5126,
FOTU_5162,
FOTU_5182,
FOTU_5222,
FOTU_5204,
FOTU_5216,
FOTU_5190,
FOTU_5205,
FOTU_5223,
FOTU_5193,
FOTU_5224,
FOTU_5221,
FOTU_5210,
FOTU_5203,
FOTU_5238,
FOTU_5174,
FOTU_5219,
FOTU_5237,Mocki,Mockimycota,Mockimycetes,Mockiales,Mockiaceae,Mock
FOTU_5233,
FOTU_5207,
FOTU_5208,
FOTU_5194,
FOTU_5232,
FOTU_5185,
FOTU_5171,
FOTU_5236,
FOTU_5217,
FOTU_5188,
FOTU_5248,
FOTU_5209,
FOTU_5242,
FOTU_5239,
FOTU_5241,Fungi,Ascomycota,Sordariomycetes,Hypocreales,Hypocreaceae,Trichoderma
FOTU_5247,
FOTU_5213,
FOTU_5258,
FOTU_5235,
FOTU_5259,
FOTU_5189,Fungi,Ascomycota,Eurotiomycetes,Eurotiales,Aspergillaceae,Talaromyces
FOTU_5257,
FOTU_5200,
FOTU_5267,
FOTU_5225,
FOTU_5251,
FOTU_5261,
FOTU_5250,
FOTU_5240,
FOTU_5228,
FOTU_5252,
FOTU_5212,
FOTU_5230,
FOTU_5245,
FOTU_5191,
FOTU_5272,
FOTU_5260,
FOTU_5265,
FOTU_5253,
FOTU_5271,
FOTU_5264,
FOTU_5231,
FOTU_5226,
FOTU_5214,
FOTU_5262,
FOTU_5288,
FOTU_5266,
FOTU_5255,
FOTU_5298,
FOTU_5280,
FOTU_5268,
FOTU_5246,
FOTU_5244,
FOTU_5295,
FOTU_5293,
FOTU_5269,
FOTU_5308,
FOTU_5302,
FOTU_5275,
FOTU_5249,
FOTU_5270,
FOTU_5263,
FOTU_5273,
FOTU_5307,
FOTU_5303,
FOTU_5305,
FOTU_5290,
FOTU_5286,
FOTU_5306,
FOTU_5287,
FOTU_5311,
FOTU_5277,
FOTU_5317,
FOTU_5274,
FOTU_5284,
FOTU_5243,
FOTU_5283,
FOTU_5291,
FOTU_5324,
FOTU_5281,
FOTU_5285,
FOTU_5256,
FOTU_5332,
FOTU_5234,
FOTU_5331,
FOTU_5300,
FOTU_5294,
FOTU_5310,
FOTU_5319,
FOTU_5254,
FOTU_5278,
FOTU_5328,
FOTU_5314,
FOTU_5282,
FOTU_5329,
FOTU_5327,
FOTU_5276,
FOTU_5318,
FOTU_5292,
FOTU_5333,
FOTU_5322,
FOTU_5301,
FOTU_5299,
FOTU_5350,
FOTU_5347,
FOTU_5345,
FOTU_5346,
FOTU_5326,
FOTU_5342,
FOTU_5343,
FOTU_5334,
FOTU_5297,
FOTU_5358,
FOTU_5340,
FOTU_5320,
FOTU_5353,
FOTU_5304,Fungi,Ascomycota,Dothideomycetes,Mycosphaerellales,Mycosphaerellaceae,Zymoseptoria
FOTU_5315,
FOTU_5356,
FOTU_5296,Fungi,Basidiomycota,Tremellomycetes,Filobasidiales,Filobasidiaceae,Filobasidium
FOTU_5366,
FOTU_5335,
FOTU_5357,
FOTU_5341,
FOTU_5321,
FOTU_5279,
FOTU_5316,
FOTU_5336,
FOTU_5337,
FOTU_5367,
FOTU_5325,
FOTU_5344,Fungi,Ascomycota,Sordariomycetes
FOTU_5359,
FOTU_5289,
FOTU_5312,
FOTU_5364,
FOTU_5365,
FOTU_5330,
FOTU_5323,
FOTU_5354,
FOTU_5381,
FOTU_5360,Fungi,Mortierellomycota,Mortierellomycetes,Mortierellales,Mortierellaceae,Linnemannia,Linnemannia_elongata
FOTU_5385,
FOTU_5376,
FOTU_5361,
FOTU_5370,
FOTU_5348,
FOTU_5313,
FOTU_5338,
FOTU_5374,
FOTU_5369,
FOTU_5372,
FOTU_5351,
FOTU_5397,
FOTU_5309,
FOTU_5387,
FOTU_5355,
FOTU_5363,
FOTU_5402,
FOTU_5378,
FOTU_5371,
FOTU_5399,
FOTU_5382,
FOTU_5339,
FOTU_5405,
FOTU_5377,
FOTU_5389,
FOTU_5396,
FOTU_5362,
FOTU_5352,
FOTU_5391,
FOTU_5398,
FOTU_5410,
FOTU_5390,
FOTU_5406,
FOTU_5379,
FOTU_5427,
FOTU_5416,
FOTU_5395,
FOTU_5404,
FOTU_5431,
FOTU_5408,
FOTU_5373,
FOTU_5434,
FOTU_5423,
FOTU_5439,
FOTU_5429,
FOTU_5415,
FOTU_5392,
FOTU_5380,
FOTU_5420,Fungi,Mucoromycota,Mucoromycetes,Mucorales,Mucoraceae,Mucor,Mucor_circinelloides
FOTU_5383,
FOTU_5386,
FOTU_5349,
FOTU_5393,
FOTU_5400,
FOTU_5436,
FOTU_5421,
FOTU_5388,
FOTU_5413,Fungi,Ascomycota,Sordariomycetes,Hypocreales
FOTU_5440,
FOTU_5384,
FOTU_5411,
FOTU_5428,
FOTU_5368,
FOTU_5394,
FOTU_5450,
FOTU_5412,
FOTU_5401,
FOTU_5458,
FOTU_5456,
FOTU_5441,
FOTU_5438,
FOTU_5422,
FOTU_5419,
FOTU_5457,
FOTU_5430,
FOTU_5444,
FOTU_5417,
FOTU_5451,
FOTU_5443,
FOTU_5407,
FOTU_5448,
FOTU_5459,
FOTU_5447,Fungi,Ascomycota,Sordariomycetes,Sordariales,Chaetomiaceae,Humicola,Humicola_sardiniae
FOTU_5449,
FOTU_5375,
FOTU_5418,
FOTU_5442,Fungi,Mortierellomycota,Mortierellomycetes,Mortierellales,Mortierellaceae
FOTU_5445,
FOTU_5479,
FOTU_5474,
FOTU_5453,
FOTU_5433,
FOTU_5464,
FOTU_5463,
FOTU_5435,
FOTU_5472,
FOTU_5468,
FOTU_5461,
FOTU_5424,
FOTU_5473,
FOTU_5414,
FOTU_5409,
FOTU_5426,
FOTU_5475,
FOTU_5480,
FOTU_5455,
FOTU_5425,
FOTU_5454,
FOTU_5403,
FOTU_5492,
FOTU_5483,
FOTU_5437,
FOTU_5493,
FOTU_5460,
FOTU_5469,
FOTU_5466,
FOTU_5470,
FOTU_5482,
FOTU_5510,
FOTU_5452,
FOTU_5500,Fungi,Ascomycota,Sordariomycetes,Hypocreales,Nectriaceae,Fusarium
FOTU_5432,
FOTU_5465,
FOTU_5495,
FOTU_5496,
FOTU_5446,
FOTU_5498,
FOTU_5486,
FOTU_5504,
FOTU_5462,
FOTU_5513,
FOTU_5499,
FOTU_5501,
FOTU_5485,
FOTU_5476,
FOTU_5490,
FOTU_5505,
FOTU_5507,
FOTU_5481,
FOTU_5522,
FOTU_5511,
FOTU_5517,
FOTU_5471,
FOTU_5523,
FOTU_5478,
FOTU_5502,
FOTU_5487,
FOTU_5525,
FOTU_5477,
FOTU_5530,
FOTU_5533,
FOTU_5508,Fungi,Ascomycota,Sordariomycetes,Hypocreales
FOTU_5528,
FOTU_5489,
FOTU_5541,
FOTU_5484,
FOTU_5537,
FOTU_5467,
FOTU_5491,
FOTU_5534,
FOTU_5518,
FOTU_5515,
FOTU_5527,
FOTU_5529,
FOTU_5494,
FOTU_5512,
FOTU_5521,
FOTU_5524,
FOTU_5542,
FOTU_5547,
FOTU_5516,
FOTU_5536,
FOTU_5538,
FOTU_5520,
FOTU_5543,Fungi,Ascomycota,Sordariomycetes
FOTU_5552,
FOTU_5506,
FOTU_5497,
FOTU_5519,
FOTU_5531,Fungi,Mortierellomycota,Mortierellomycetes,Mortierellales,Mortierellaceae
FOTU_5540,
FOTU_5551,
FOTU_5553,
FOTU_5554,
FOTU_5514,
FOTU_5558,
FOTU_5488,
FOTU_5509,
FOTU_5563,
FOTU_5526,
FOTU_5555,
FOTU_5565,
FOTU_5535,
FOTU_5585,
FOTU_5545,
FOTU_5532,
FOTU_5566,
FOTU_5580,
FOTU_5591,
FOTU_5549,
FOTU_5564,
FOTU_5569,
FOTU_5568,
FOTU_5572,
FOTU_5557,
FOTU_5588,
FOTU_5594,
FOTU_5587,
FOTU_5546,
FOTU_5548,
FOTU_5573,
FOTU_5575,
FOTU_5577,
FOTU_5556,
FOTU_5567,
FOTU_5607,
FOTU_5503,
FOTU_5605,
FOTU_5603,
FOTU_5602,
FOTU_5559,
FOTU_5595,
FOTU_5589,
FOTU_5571,Fungi,Ascomycota,Eurotiomycetes,Eurotiales,Aspergillaceae,Talaromyces
FOTU_5578,
FOTU_5539,
FOTU_5609,
FOTU_5570,
FOTU_5592,
FOTU_5616,
FOTU_5581,
FOTU_5613,
FOTU_5611,
FOTU_5610,
FOTU_5544,Fungi,Ascomycota,Sordariomycetes,Hypocreales,Sarocladium,Sarocladium_zeae
FOTU_5579,
FOTU_5550,
FOTU_5562,
FOTU_5601,
FOTU_5560,
FOTU_5612,
FOTU_5625,
FOTU_5608,
FOTU_5582,
FOTU_5624,
FOTU_5597,
FOTU_5633,
FOTU_5583,
FOTU_5561,
FOTU_5628,
FOTU_5637,
FOTU_5614,
FOTU_5615,
FOTU_5576,
FOTU_5640,
FOTU_5647,
FOTU_5632,
FOTU_5596,
FOTU_5634,
FOTU_5630,
FOTU_5593,
FOTU_5654,
FOTU_5642,
FOTU_5617,
FOTU_5604,
FOTU_5623,
FOTU_5645,
FOTU_5619,
FOTU_5638,
FOTU_5590,
FOTU_5648,
FOTU_5618,
FOTU_5600,
FOTU_5584,
FOTU_5652,
FOTU_5586,
FOTU_5639,
FOTU_5599,
FOTU_5656,
FOTU_5598,
FOTU_5665,
FOTU_5655,
FOTU_5676,
FOTU_5649,
FOTU_5673,
FOTU_5641,
FOTU_5574,
FOTU_5674,
FOTU_5663,
FOTU_5668,
FOTU_5672,
FOTU_5636,
FOTU_5678,
FOTU_5660,
FOTU_5622,
FOTU_5646,
FOTU_5653,
FOTU_5620,
FOTU_5635,
FOTU_5643,
FOTU_5631,
FOTU_5659,
FOTU_5606,
FOTU_5627,
FOTU_5621,
FOTU_5626,
FOTU_5661,
FOTU_5683,
FOTU_5651,
FOTU_5657,
FOTU_5670,
FOTU_5691,
FOTU_5644,
FOTU_5680,
FOTU_5699,
FOTU_5666,
FOTU_5694,
FOTU_5677,
FOTU_5692,
FOTU_5693,
FOTU_5658,
FOTU_5706,
FOTU_5664,
FOTU_5710,
FOTU_5704,
FOTU_5690,
FOTU_5716,
FOTU_5709,
FOTU_5629,
FOTU_5700,
FOTU_5685,
FOTU_5705,
FOTU_5681,
FOTU_5727,
FOTU_5667,
FOTU_5718,
FOTU_5688,
FOTU_5712,Fungi,Ascomycota,Eurotiomycetes,Chaetothyriales,Herpotrichiellaceae,Exophiala
FOTU_5702,
FOTU_5671,
FOTU_5713,
FOTU_5698,
FOTU_5722,
FOTU_5707,
FOTU_5719,
FOTU_5686,
FOTU_5715,
FOTU_5684,
FOTU_5695,
FOTU_5650,
FOTU_5696,
FOTU_5682,Fungi,Basidiomycota,Microbotryomycetes,Leucosporidiales,Leucosporidiaceae,Leucosporidium,Leucosporidium_intermedium
FOTU_5723,
FOTU_5703,
FOTU_5669,
FOTU_5708,
FOTU_5662,
FOTU_5732,
FOTU_5714,
FOTU_5687,
FOTU_5737,
FOTU_5689,
FOTU_5747,
FOTU_5730,
FOTU_5721,
FOTU_5701,Fungi,Basidiomycota,Tremellomycetes,Filobasidiales,Filobasidiaceae,Filobasidium
FOTU_5728,
FOTU_5717,Fungi,Ascomycota,Eurotiomycetes,Eurotiales,Aspergillaceae,Talaromyces
FOTU_5735,
FOTU_5711,
FOTU_5755,
FOTU_5736,
FOTU_5720,
FOTU_5675,
FOTU_5724,
FOTU_5679,
FOTU_5741,
FOTU_5731,Fungi,Mortierellomycota,Mortierellomycetes,Mortierellales,Mortierellaceae,Mortierella
FOTU_5744,
FOTU_5743,
FOTU_5729,
FOTU_5751,
FOTU_5697,
FOTU_5759,
FOTU_5742,
FOTU_5753,Fungi,Ascomycota,Sordariomycetes,Hypocreales,Nectriaceae,Fusarium
FOTU_5771,
FOTU_5740,
FOTU_5756,
FOTU_5726,
FOTU_5746,
FOTU_5734,
FOTU_5754,Fungi,Ascomycota,Eurotiomycetes,Eurotiales,Aspergillaceae
FOTU_5764,
FOTU_5783,
FOTU_5763,
FOTU_5739,
FOTU_5767,
FOTU_5752,
FOTU_5770,
FOTU_5761,
FOTU_5775,
FOTU_5787,
FOTU_5791,
FOTU_5781,
FOTU_5765,
FOTU_5757,
FOTU_5745,
FOTU_5758,
FOTU_5782,
FOTU_5788,
FOTU_5779,
FOTU_5790,
FOTU_5777,
FOTU_5789,
FOTU_5796,
FOTU_5792,
FOTU_5795,
FOTU_5786,
FOTU_5778,
FOTU_5738,
FOTU_5800,
FOTU_5749,
FOTU_5725,
FOTU_5801,
FOTU_5748,
FOTU_5818,
FOTU_5807,
FOTU_5805,
FOTU_5766,
FOTU_5772,
FOTU_5804,
FOTU_5774,
FOTU_5802,
FOTU_5773,
FOTU_5817,
FOTU_5811,
FOTU_5830,
FOTU_5827,
FOTU_5815,
FOTU_5750,
FOTU_5780,Fungi,Ascomycota,Eurotiomycetes,Eurotiales,Aspergillaceae,Talaromyces
FOTU_5797,
FOTU_5812,
FOTU_5839,
FOTU_5768,
FOTU_5819,
FOTU_5831,
FOTU_5769,
FOTU_5834,
FOTU_5840,
FOTU_5825,
FOTU_5813,
FOTU_5762,
FOTU_5835,
FOTU_5810,
FOTU_5785,Fungi
FOTU_5733,
FOTU_5793,
FOTU_5821,
FOTU_5832,
FOTU_5851,
FOTU_5860,
FOTU_5799,
FOTU_5808,
FOTU_5822,
FOTU_5850,
FOTU_5847,
FOTU_5806,
FOTU_5798,
FOTU_5848,
FOTU_5849,
FOTU_5855,
FOTU_5854,
FOTU_5784,
FOTU_5858,
FOTU_5809,
FOTU_5820,
FOTU_5837,
FOTU_5862,
FOTU_5843,
FOTU_5828,
FOTU_5816,
FOTU_5838,
FOTU_5836,
FOTU_5852,
FOTU_5814,
FOTU_5857,
FOTU_5829,
FOTU_5803,
FOTU_5856,
FOTU_5872,
FOTU_5879,
FOTU_5760,Fungi,Ascomycota,Sordariomycetes,Hypocreales,Hypocreaceae,Trichoderma
FOTU_5844,
FOTU_5845,
FOTU_5833,
FOTU_5846,
FOTU_5823,
FOTU_5870,
FOTU_5794,
FOTU_5826,
FOTU_5853,
FOTU_5864,
FOTU_5886,
FOTU_5776,
FOTU_5874,
FOTU_5890,
FOTU_5842,
FOTU_5876,
FOTU_5893,
FOTU_5824,
FOTU_5873,
FOTU_5871,
FOTU_5891,
FOTU_5880,
FOTU_5859,
FOTU_5898,
FOTU_5867,
FOTU_5900,
FOTU_5901,
FOTU_5903,
FOTU_5868,
FOTU_5877,
FOTU_5863,
FOTU_5887,
FOTU_5881,
FOTU_5902,
FOTU_5895,
FOTU_5878,
FOTU_5882,
FOTU_5888,
FOTU_5921,
FOTU_5927,
FOTU_5908,Fungi,Ascomycota,Eurotiomycetes,Eurotiales,Aspergillaceae,Talaromyces,Talaromyces_purpureogenus
FOTU_5911,
FOTU_5894,
FOTU_5861,
FOTU_5913,
FOTU_5914,
FOTU_5904,
FOTU_5916,Fungi,Ascomycota,Dothideomycetes,Mycosphaerellales,Mycosphaerellaceae,Zymoseptoria
FOTU_5923,
FOTU_5925,
FOTU_5892,
FOTU_5841,
FOTU_5940,
FOTU_5896,
FOTU_5875,
FOTU_5883,
FOTU_5931,
FOTU_5910,
FOTU_5907,
FOTU_5899,
FOTU_5917,
FOTU_5909,
FOTU_5922,
FOTU_5885,
FOTU_5884,
FOTU_5943,
FOTU_5920,
FOTU_5866,
FOTU_5889,
FOTU_5948,
FOTU_5944,
FOTU_5918,
FOTU_5941,Fungi,Ascomycota,Sordariomycetes
FOTU_5906,
FOTU_5949,
FOTU_5912,
FOTU_5924,
FOTU_5897,
FOTU_5919,Fungi,Ascomycota,Dothideomycetes,Capnodiales,Cladosporiaceae,Cladosporium
FOTU_5930,
FOTU_5926,
FOTU_5939,
FOTU_5952,
FOTU_5936,
FOTU_5929,
FOTU_5947,Fungi,Ascomycota,Sordariomycetes,Hypocreales,Sarocladium,Sarocladium_zeae
FOTU_5961,
FOTU_5971,
FOTU_5865,
FOTU_5950,
FOTU_5959,
FOTU_5951,
FOTU_5937,
FOTU_5869,
FOTU_5932,
FOTU_5972,
FOTU_5973,
FOTU_5987,
FOTU_5928,
FOTU_5967,
FOTU_5905,
FOTU_5984,
FOTU_5986,
FOTU_5938,Fungi,Mortierellomycota,Mortierellomycetes,Mortierellales,Mortierellaceae,Linnemannia
FOTU_5969,
FOTU_5963,
FOTU_5988,
FOTU_5992,
FOTU_5942,
FOTU_5953,
FOTU_5915,
FOTU_5956,
FOTU_5994,
FOTU_5957,
FOTU_5995,
FOTU_5968,
FOTU_5934,Fungi,Ascomycota,Sordariomycetes,Hypocreales,Hypocreaceae,Trichoderma
FOTU_5962,
FOTU_5981,
FOTU_5955,
FOTU_5991,
FOTU_5983,
FOTU_6002,
FOTU_5946,
FOTU_6003,
FOTU_5965,
FOTU_5935,
FOTU_5980,
FOTU_5985,
FOTU_5977,
FOTU_5979,
FOTU_5960,
FOTU_6018,
FOTU_5975,
FOTU_6001,
FOTU_5976,
FOTU_5999,
FOTU_5982,
FOTU_6006,
FOTU_5989,
FOTU_5933,
FOTU_6019,
FOTU_5970,
FOTU_6007,
FOTU_6012,
FOTU_6020,
FOTU_6013,
FOTU_6015,
FOTU_6009,Fungi,Ascomycota,Dothideomycetes,Pleosporales
FOTU_6010,
FOTU_6022,
FOTU_5954,
FOTU_6032,
FOTU_6030,
FOTU_5978,
FOTU_5958,
FOTU_6040,
FOTU_6028,
FOTU_6031,
FOTU_6004,
FOTU_6024,
FOTU_6027,
FOTU_6008,
FOTU_5964,
FOTU_5993,
FOTU_6016,Fungi,Ascomycota,Sordariomycetes,Sordariales,Chaetomiaceae,Pseudothielavia,Pseudothielavia_arxii
FOTU_6038,Fungi,Ascomycota,Sordariomycetes,Hypocreales
FOTU_6033,
FOTU_6017,
FOTU_6053,
FOTU_6037,
FOTU_6039,
FOTU_6011,
FOTU_5945,
FOTU_6014,
FOTU_6036,
FOTU_5966,
FOTU_6026,
FOTU_5996,
FOTU_6005,
FOTU_5990,
FOTU_6023,
FOTU_5998,
FOTU_5997,
FOTU_6000,Fungi,Ascomycota,Sordariomycetes,Hypocreales,Nectriaceae,Fusarium,Fusarium_equiseti
FOTU_6057,
FOTU_6061,
FOTU_6048,
FOTU_6055,
FOTU_6059,
FOTU_6056,
FOTU_6044,
FOTU_6035,Fungi,Ascomycota,Sordariomycetes,Hypocreales,Sarocladium,Sarocladium_zeae
FOTU_6064,
FOTU_6062,
FOTU_6069,
FOTU_6074,
FOTU_5974,
FOTU_6075,
FOTU_6071,
FOTU_6076,
FOTU_6050,
FOTU_6021,
FOTU_6073,
FOTU_6025,
FOTU_6047,
FOTU_6063,
FOTU_6060,
FOTU_6052,
FOTU_6029,
FOTU_6068,
FOTU_6070,
FOTU_6034,Fungi,Ascomycota,Sordariomycetes,Hypocreales,Hypocreaceae,Trichoderma,Trichoderma_turrialbense
FOTU_6081,
FOTU_6042,
FOTU_6041,
FOTU_6051,
FOTU_6094,
FOTU_6085,
FOTU_6067,
FOTU_6087,
FOTU_6043,Fungi,Ascomycota,Sordariomycetes,Hypocreales,Nectriaceae,Fusarium
FOTU_6084,
FOTU_6092,
FOTU_6045,
FOTU_6093,
FOTU_6046,
FOTU_6107,
FOTU_6078,
FOTU_6049,
FOTU_6080,
FOTU_6088,
FOTU_6091,
FOTU_6066,
FOTU_6089,
FOTU_6102,
FOTU_6058,
FOTU_6103,
FOTU_6104,
FOTU_6077,
FOTU_6116,
FOTU_6110,
FOTU_6109,
FOTU_6131,
FOTU_6115,
FOTU_6065,
FOTU_6098,
FOTU_6108,
FOTU_6120,
FOTU_6123,
FOTU_6114,
FOTU_6086,
FOTU_6082,
FOTU_6129,
FOTU_6054,
FOTU_6106,
FOTU_6121,
FOTU_6111,
FOTU_6083,
FOTU_6140,
FOTU_6090,
FOTU_6124,
FOTU_6072,
FOTU_6113,
FOTU_6100,
FOTU_6133,
FOTU_6149,
FOTU_6117,
FOTU_6126,
FOTU_6128,
FOTU_6166,
FOTU_6079,
FOTU_6105,
FOTU_6095,
FOTU_6096,
FOTU_6157,
FOTU_6144,
FOTU_6097,
FOTU_6118,
FOTU_6151,
FOTU_6101,
FOTU_6150,
FOTU_6161,
FOTU_6138,
FOTU_6139,
FOTU_6122,
FOTU_6132,Fungi,Ascomycota,Dothideomycetes,Mycosphaerellales,Mycosphaerellaceae,Zymoseptoria
FOTU_6160,
FOTU_6167,
FOTU_6130,
FOTU_6125,Fungi,Mortierellomycota,Mortierellomycetes,Mortierellales,Mortierellaceae
FOTU_6141,
FOTU_6146,
FOTU_6148,
FOTU_6137,
FOTU_6136,
FOTU_6127,
FOTU_6163,
FOTU_6165,
FOTU_6142,
FOTU_6169,
FOTU_6156,Fungi,Ascomycota,Sordariomycetes,Sordariales,Chaetomiaceae,Humicola,Humicola_sardiniae
FOTU_6134,
FOTU_6153,
FOTU_6171,
FOTU_6099,
FOTU_6172,
FOTU_6175,
FOTU_6173,
FOTU_6174,
FOTU_6168,
FOTU_6193,
FOTU_6145,
FOTU_6189,
FOTU_6155,
FOTU_6179,
FOTU_6170,Fungi,Ascomycota,Eurotiomycetes,Eurotiales,Aspergillaceae,Talaromyces
FOTU_6159,
FOTU_6190,
FOTU_6183,
FOTU_6180,
FOTU_6152,Fungi,Ascomycota,Eurotiomycetes,Eurotiales,Aspergillaceae,Penicillium
FOTU_6112,
FOTU_6188,
FOTU_6192,
FOTU_6181,
FOTU_6178,
FOTU_6164,
FOTU_6135,Fungi,Ascomycota,Eurotiomycetes,Eurotiales,Aspergillaceae,Talaromyces
FOTU_6206,
FOTU_6119,
FOTU_6184,
FOTU_6158,
FOTU_6207,
FOTU_6204,
FOTU_6182,
FOTU_6212,
FOTU_6196,
FOTU_6147,
FOTU_6194,
FOTU_6202,
FOTU_6154,
FOTU_6222,Fungi,Ascomycota,Sordariomycetes
FOTU_6205,
FOTU_6203,
FOTU_6185,
FOTU_6211,
FOTU_6216,
FOTU_6200,
FOTU_6187,
FOTU_6201,
FOTU_6177,
FOTU_6221,
FOTU_6195,
FOTU_6220,
FOTU_6210,
FOTU_6198,
FOTU_6209,
FOTU_6208,
FOTU_6218,
FOTU_6215,
FOTU_6176,
FOTU_6186,
FOTU_6214,
FOTU_6199,
FOTU_6162,
FOTU_6247,
FOTU_6238,
FOTU_6249,
FOTU_6191,
FOTU_6219,
FOTU_6143,
FOTU_6245,
FOTU_6227,
FOTU_6241,
FOTU_6228,
FOTU_6266,
FOTU_6224,
FOTU_6229,
FOTU_6197,
FOTU_6256,
FOTU_6246,
FOTU_6258,
FOTU_6217,
FOTU_6242,
FOTU_6250,
FOTU_6236,Fungi,Ascomycota,Sordariomycetes,Glomerellales,Glomerellaceae,Colletotrichum
FOTU_6267,
FOTU_6223,
FOTU_6265,
FOTU_6248,
FOTU_6269,
FOTU_6231,
FOTU_6251,
FOTU_6234,
FOTU_6230,
FOTU_6255,
FOTU_6253,
FOTU_6287,
FOTU_6233,
FOTU_6272,
FOTU_6232,
FOTU_6254,
FOTU_6274,
FOTU_6257,
FOTU_6226,
FOTU_6263,
FOTU_6261,
FOTU_6252,
FOTU_6260,Fungi,Ascomycota,Sordariomycetes,Hypocreales
FOTU_6235,
FOTU_6264,
FOTU_6244,
FOTU_6259,
FOTU_6237,
FOTU_6213,Fungi,Ascomycota,Sordariomycetes,Hypocreales,Hypocreaceae,Trichoderma,Trichoderma_turrialbense
FOTU_6240,
FOTU_6243,
FOTU_6305,
FOTU_6239,
FOTU_6289,
FOTU_6282,
FOTU_6262,
FOTU_6276,
FOTU_6300,
FOTU_6270,
FOTU_6280,
FOTU_6290,
FOTU_6294,
FOTU_6304,
FOTU_6293,
FOTU_6285,
FOTU_6275,
FOTU_6306,
FOTU_6278,
FOTU_6288,
FOTU_6295,
FOTU_6273,
FOTU_6311,
FOTU_6292,
FOTU_6296,
FOTU_6283,
FOTU_6299,
FOTU_6298,
FOTU_6303,
FOTU_6315,
FOTU_6286,
FOTU_6297,
FOTU_6271,
FOTU_6268,
FOTU_6317,
FOTU_6279,
FOTU_6332,
FOTU_6291,
FOTU_6310,
FOTU_6312,
FOTU_6328,Fungi,Ascomycota,Sordariomycetes,Hypocreales
FOTU_6323,
FOTU_6335,
FOTU_6281,
FOTU_6325,
FOTU_6309,
FOTU_6324,
FOTU_6320,
FOTU_6321,
FOTU_6319,
FOTU_6326,
FOTU_6225,
FOTU_6331,
FOTU_6313,
FOTU_6352,
FOTU_6334,
FOTU_6277,
FOTU_6302,
FOTU_6338,
FOTU_6327,
FOTU_6314,
FOTU_6307,
FOTU_6318,
FOTU_6322,
FOTU_6308,
FOTU_6330,Fungi,Ascomycota,Sordariomycetes,Glomerellales,Plectosphaerellaceae,Gibellulopsis
FOTU_6341,
FOTU_6284,
FOTU_6339,
FOTU_6340,
FOTU_6316,
FOTU_6354,
FOTU_6344,
FOTU_6355,
FOTU_6351,
FOTU_6365,
FOTU_6356,
FOTU_6361,
FOTU_6301,
FOTU_6342,
FOTU_6347,
FOTU_6346,
FOTU_6360,
FOTU_6358,
FOTU_6368,
FOTU_6363,
FOTU_6333,
FOTU_6386,
FOTU_6371,
FOTU_6366,
FOTU_6345,
FOTU_6406,
FOTU_6343,
FOTU_6369,
FOTU_6349,
FOTU_6348,
FOTU_6390,
FOTU_6350,
FOTU_6364,
FOTU_6376,
FOTU_6383,
FOTU_6336,
FOTU_6362,
FOTU_6374,
FOTU_6389,
FOTU_6403,
FOTU_6329,
FOTU_6382,
FOTU_6375,
FOTU_6373,
FOTU_6385,
FOTU_6398,
FOTU_6359,
FOTU_6391,
FOTU_6397,
FOTU_6392,
FOTU_6367,
FOTU_6380,
FOTU_6408,
FOTU_6377,
FOTU_6400,
FOTU_6399,
FOTU_6370,
FOTU_6388,
FOTU_6353,
FOTU_6405,
FOTU_6409,
FOTU_6357,
FOTU_6379,
FOTU_6337,
FOTU_6419,
FOTU_6412,
FOTU_6396,
FOTU_6420,
FOTU_6407,
FOTU_6387,
FOTU_6421,
FOTU_6401,
FOTU_6447,
FOTU_6378,
FOTU_6372,
FOTU_6393,
FOTU_6434,
FOTU_6402,
FOTU_6404,
FOTU_6438,
FOTU_6426,
FOTU_6394,
FOTU_6423,
FOTU_6429,
FOTU_6422,
FOTU_6452,
FOTU_6425,
FOTU_6451,
FOTU_6443,
FOTU_6411,
FOTU_6441,
FOTU_6417,
FOTU_6459,
FOTU_6413,
FOTU_6440,
FOTU_6442,
FOTU_6448,
FOTU_6418,
FOTU_6414,
FOTU_6435,
FOTU_6427,
FOTU_6431,
FOTU_6439,
FOTU_6415,
FOTU_6428,
FOTU_6449,
FOTU_6416,
FOTU_6433,
FOTU_6467,
FOTU_6454,
FOTU_6445,
FOTU_6395,
FOTU_6410,
FOTU_6436,Fungi,Basidiomycota,Tremellomycetes,Filobasidiales,Filobasidiaceae,Filobasidium
FOTU_6465,
FOTU_6473,
FOTU_6461,
FOTU_6469,
FOTU_6430,
FOTU_6424,
FOTU_6453,
FOTU_6432,
FOTU_6437,
FOTU_6485,
FOTU_6464,
FOTU_6444,
FOTU_6472,
FOTU_6487,
FOTU_6456,
FOTU_6484,
FOTU_6384,
FOTU_6488,
FOTU_6477,
FOTU_6493,
FOTU_6505,
FOTU_6503,
FOTU_6490,
FOTU_6381,
FOTU_6486,Fungi,Ascomycota,Eurotiomycetes,Eurotiales,Aspergillaceae,Penicillium
FOTU_6446,
FOTU_6495,Fungi,Ascomycota,Sordariomycetes,Glomerellales,Glomerellaceae,Colletotrichum
FOTU_6494,
FOTU_6458,
FOTU_6506,
FOTU_6483,
FOTU_6508,
FOTU_6518,
FOTU_6460,
FOTU_6500,
FOTU_6463,
FOTU_6515,
FOTU_6507,
FOTU_6468,
FOTU_6471,
FOTU_6466,
FOTU_6457,
FOTU_6499,
FOTU_6516,
FOTU_6455,
FOTU_6519,
FOTU_6513,
FOTU_6492,
FOTU_6524,
FOTU_6510,
FOTU_6475,
FOTU_6496,
FOTU_6482,
FOTU_6470,
FOTU_6481,
FOTU_6533,
FOTU_6521,
FOTU_6523,Fungi,Ascomycota,Dothideomycetes,Dothideales
FOTU_6489,
FOTU_6501,
FOTU_6450,
FOTU_6511,
FOTU_6522,
FOTU_6509,
FOTU_6529,
FOTU_6462,
FOTU_6497,
FOTU_6531,
FOTU_6535,
FOTU_6526,
FOTU_6527,
FOTU_6476,
FOTU_6542,
FOTU_6514,
FOTU_6538,
FOTU_6530,
FOTU_6536,
FOTU_6478,
FOTU_6474,
FOTU_6543,
FOTU_6544,
FOTU_6480,
FOTU_6546,
FOTU_6520,
FOTU_6564,
FOTU_6498,
FOTU_6532,
FOTU_6568,
FOTU_6552,
FOTU_6555,
FOTU_6491,
FOTU_6479,
FOTU_6567,
FOTU_6548,
FOTU_6558,
FOTU_6553,
FOTU_6528,
FOTU_6534,
FOTU_6547,
FOTU_6561,
FOTU_6540,
FOTU_6578,Fungi,Mucoromycota,Mucoromycetes,Mucorales,Cunninghamellaceae,Gongronella,Gongronella_butleri
FOTU_6574,
FOTU_6569,
FOTU_6517,
FOTU_6570,
FOTU_6512,
FOTU_6563,
FOTU_6582,
FOTU_6541,
FOTU_6554,
FOTU_6581,
FOTU_6583,
FOTU_6575,
FOTU_6589,
FOTU_6591,
FOTU_6580,
FOTU_6559,
FOTU_6525,
FOTU_6549,
FOTU_6504,
FOTU_6502,
FOTU_6539,
FOTU_6560,
FOTU_6593,
FOTU_6598,Fungi,Ascomycota,Eurotiomycetes,Eurotiales,Aspergillaceae,Penicillium
FOTU_6550,
FOTU_6556,
FOTU_6579,
FOTU_6590,
FOTU_6592,
FOTU_6597,
FOTU_6594,
FOTU_6572,
FOTU_6587,
FOTU_6602,
FOTU_6623,
FOTU_6631,Fungi,Ascomycota,Eurotiomycetes,Eurotiales,Aspergillaceae,Penicillium
FOTU_6604,
FOTU_6571,
FOTU_6615,
FOTU_6584,
FOTU_6573,
FOTU_6551,
FOTU_6601,
FOTU_6595,
FOTU_6557,
FOTU_6545,
FOTU_6636,
FOTU_6566,
FOTU_6565,
FOTU_6620,
FOTU_6608,
FOTU_6626,
FOTU_6611,
FOTU_6617,
FOTU_6616,
FOTU_6606,
FOTU_6577,
FOTU_6537,
FOTU_6635,
FOTU_6607,
FOTU_6622,
FOTU_6600,Fungi,Ascomycota,Dothideomycetes,Capnodiales,Cladosporiaceae,Cladosporium
FOTU_6629,
FOTU_6621,
FOTU_6633,
FOTU_6585,
FOTU_6637,
FOTU_6610,Fungi,Ascomycota,Dothideomycetes,Pleosporales,Sporormiaceae,Westerdykella
FOTU_6562,
FOTU_6647,
FOTU_6634,
FOTU_6646,
FOTU_6586,
FOTU_6643,
FOTU_6599,
FOTU_6619,
FOTU_6614,
FOTU_6588,
FOTU_6605,
FOTU_6642,
FOTU_6618,
FOTU_6661,
FOTU_6663,
FOTU_6653,
FOTU_6576,
FOTU_6652,
FOTU_6639,
FOTU_6640,
FOTU_6659,
FOTU_6648,
FOTU_6654,
FOTU_6603,
FOTU_6650,
FOTU_6662,
FOTU_6632,Fungi,Ascomycota,Sordariomycetes,Hypocreales,Nectriaceae
FOTU_6644,
FOTU_6655,
FOTU_6625,
FOTU_6656,
FOTU_6624,
FOTU_6668,
FOTU_6671,
FOTU_6669,
FOTU_6612,
FOTU_6680,
FOTU_6645,
FOTU_6649,
FOTU_6641,
FOTU_6660,
FOTU_6675,
FOTU_6627,
FOTU_6670,
FOTU_6664,
FOTU_6673,
FOTU_6684,
FOTU_6613,
FOTU_6630,
FOTU_6609,
FOTU_6596,
FOTU_6691,
FOTU_6687,
FOTU_6690,
FOTU_6658,
FOTU_6692,
FOTU_6674,
FOTU_6651,Fungi,Ascomycota
FOTU_6638,
FOTU_6688,
FOTU_6667,
FOTU_6708,
FOTU_6628,
FOTU_6682,
FOTU_6686,
FOTU_6677,
FOTU_6679,
FOTU_6672,
FOTU_6657,
FOTU_6710,
FOTU_6689,
FOTU_6705,
FOTU_6693,Fungi,Ascomycota,Taphrinomycetes,Taphrinales,Taphrinaceae,Taphrina,Taphrina_inositophila
FOTU_6703,
FOTU_6700,
FOTU_6720,
FOTU_6699,
FOTU_6715,
FOTU_6695,
FOTU_6678,
FOTU_6717,Fungi,Ascomycota,Dothideomycetes,Pleosporales
FOTU_6676,
FOTU_6716,
FOTU_6683,
FOTU_6731,
FOTU_6696,
FOTU_6681,
FOTU_6701,
FOTU_6665,
FOTU_6729,
FOTU_6709,
FOTU_6738,
FOTU_6702,Fungi,Ascomycota,Sordariomycetes,Sordariales,Chaetomiaceae,Pseudothielavia,Pseudothielavia_arxii
FOTU_6745,
FOTU_6714,
FOTU_6711,
FOTU_6685,
FOTU_6734,
FOTU_6739,
FOTU_6712,
FOTU_6706,
FOTU_6727,
FOTU_6741,
FOTU_6726,
FOTU_6748,
FOTU_6694,
FOTU_6747,
FOTU_6719,
FOTU_6724,
FOTU_6722,
FOTU_6733,
FOTU_6743,
FOTU_6698,
FOTU_6713,
FOTU_6759,
FOTU_6740,
FOTU_6718,
FOTU_6736,
FOTU_6771,
FOTU_6763,
FOTU_6666,
FOTU_6728,Fungi,Mortierellomycota,Mortierellomycetes,Mortierellales,Mortierellaceae,Linnemannia,Linnemannia_elongata
FOTU_6758,
FOTU_6730,
FOTU_6751,
FOTU_6735,
FOTU_6779,
FOTU_6707,
FOTU_6725,
FOTU_6750,
FOTU_6753,
FOTU_6755,
FOTU_6770,
FOTU_6775,
FOTU_6786,
FOTU_6737,
FOTU_6757,
FOTU_6754,
FOTU_6732,
FOTU_6760,
FOTU_6767,
FOTU_6787,
FOTU_6697,
FOTU_6772,
FOTU_6723,
FOTU_6783,
FOTU_6764,
FOTU_6721,
FOTU_6761,
FOTU_6746,
FOTU_6744,
FOTU_6752,
FOTU_6780,
FOTU_6742,
FOTU_6788,
FOTU_6762,
FOTU_6802,
FOTU_6756,
FOTU_6769,
FOTU_6790,
FOTU_6803,
FOTU_6807,
FOTU_6791,
FOTU_6796,
FOTU_6806,
FOTU_6793,
FOTU_6704,
FOTU_6784,
FOTU_6797,
FOTU_6777,Fungi,Ascomycota,Dothideomycetes,Pleosporales
FOTU_6815,
FOTU_6798,
FOTU_6765,
FOTU_6773,
FOTU_6781,
FOTU_6785,
FOTU_6799,
FOTU_6768,
FOTU_6816,Fungi,Ascomycota,Sordariomycetes,Glomerellales,Plectosphaerellaceae
FOTU_6749,
FOTU_6808,
FOTU_6782,
FOTU_6817,
FOTU_6794,
FOTU_6823,
FOTU_6819,
FOTU_6825,
FOTU_6846,
FOTU_6818,
FOTU_6832,
FOTU_6766,
FOTU_6828,
FOTU_6848,
FOTU_6789,
FOTU_6812,
FOTU_6801,
FOTU_6778,
FOTU_6810,
FOTU_6827,
FOTU_6774,
FOTU_6805,
FOTU_6800,
FOTU_6835,
FOTU_6804,
FOTU_6849,
FOTU_6824,
FOTU_6850,
FOTU_6811,
FOTU_6842,
FOTU_6792,Fungi,Mortierellomycota,Mortierellomycetes,Mortierellales,Mortierellaceae,Linnemannia,Linnemannia_elongata
FOTU_6838,
FOTU_6836,
FOTU_6813,
FOTU_6864,
FOTU_6830,
FOTU_6776,
FOTU_6809,Fungi,Ascomycota,Sordariomycetes,Hypocreales
FOTU_6829,
FOTU_6854,
FOTU_6834,
FOTU_6851,
FOTU_6820,
FOTU_6865,
FOTU_6814,
FOTU_6847,
FOTU_6822,Fungi,Basidiomycota,Microbotryomycetes,Sporidiobolales,Sporidiobolaceae,Sporobolomyces,Sporobolomyces_koalae
FOTU_6833,
FOTU_6877,
FOTU_6856,
FOTU_6841,Fungi,Ascomycota,Sordariomycetes,Hypocreales,Hypocreaceae,Trichoderma
FOTU_6892,
FOTU_6855,
FOTU_6878,
FOTU_6876,
FOTU_6844,Fungi,Ascomycota,Sordariomycetes,Hypocreales,Nectriaceae
FOTU_6880,
FOTU_6839,
FOTU_6873,
FOTU_6852,
FOTU_6821,
FOTU_6826,
FOTU_6859,
FOTU_6875,Fungi,Ascomycota,Dothideomycetes,Pleosporales,Pleosporaceae,Alternaria
FOTU_6831,
FOTU_6861,
FOTU_6868,
FOTU_6897,
FOTU_6881,
FOTU_6795,
FOTU_6869,Fungi,Ascomycota,Eurotiomycetes,Eurotiales,Aspergillaceae,Penicillium
FOTU_6887,
FOTU_6874,
FOTU_6889,
FOTU_6863,
FOTU_6866,
FOTU_6857,
FOTU_6894,
FOTU_6862,
FOTU_6884,
FOTU_6845,
FOTU_6860,
FOTU_6867,Fungi,Ascomycota,Sordariomycetes,Sordariales,Chaetomiaceae,Humicola,Humicola_sardiniae
FOTU_6840,
FOTU_6883,
FOTU_6905,
FOTU_6843,
FOTU_6912,
FOTU_6921,
FOTU_6890,
FOTU_6858,Fungi,Ascomycota,Dothideomycetes,Pleosporales
FOTU_6919,
FOTU_6870,
FOTU_6895,
FOTU_6853,
FOTU_6923,
FOTU_6886,
FOTU_6899,
FOTU_6900,
FOTU_6918,
FOTU_6898,
FOTU_6837,
FOTU_6914,
FOTU_6916,
FOTU_6903,
FOTU_6915,
FOTU_6885,
FOTU_6882,
FOTU_6932,
FOTU_6922,
FOTU_6904,
FOTU_6896,
FOTU_6872,
FOTU_6926,
FOTU_6901,
FOTU_6931,
FOTU_6888,
FOTU_6920,
FOTU_6942,
FOTU_6925,
FOTU_6927,Fungi,Ascomycota,Dothideomycetes,Pleosporales,Sporormiaceae,Westerdykella
FOTU_6943,
FOTU_6936,
FOTU_6938,
FOTU_6934,Fungi,Ascomycota,Sordariomycetes,Sordariales,Chaetomiaceae
FOTU_6908,
FOTU_6948,
FOTU_6907,
FOTU_6902,Fungi,Ascomycota,Sordariomycetes
FOTU_6941,
FOTU_6929,
FOTU_6879,
FOTU_6871,
FOTU_6891,
FOTU_6906,
FOTU_6964,
FOTU_6930,
FOTU_6893,
FOTU_6953,
FOTU_6910,
FOTU_6950,
FOTU_6945,
FOTU_6957,
FOTU_6935,
FOTU_6946,
FOTU_6933,
FOTU_6917,
FOTU_6924,
FOTU_6909,
FOTU_6928,
FOTU_6940,
FOTU_6947,
FOTU_6951,
FOTU_6958,
FOTU_6911,
FOTU_6971,
FOTU_6972,Fungi,Ascomycota,Sordariomycetes,Sordariales,Chaetomiaceae
FOTU_6913,
FOTU_6952,
FOTU_6956,
FOTU_6980,
FOTU_6949,Fungi,Ascomycota,Sordariomycetes,Hypocreales,Hypocreaceae,Trichoderma
FOTU_6966,
FOTU_6986,
FOTU_6981,
FOTU_6976,
FOTU_6937,
FOTU_6965,
FOTU_6970,
FOTU_6991,
FOTU_6973,
FOTU_6963,
FOTU_6955,
FOTU_6978,
FOTU_6939,
FOTU_6967,
FOTU_6985,
FOTU_6977,
FOTU_6992,
FOTU_6994,
FOTU_6961,
FOTU_6975,
FOTU_6995,Fungi,Ascomycota,Sordariomycetes,Hypocreales
FOTU_6997,
FOTU_6968,
FOTU_7007,
FOTU_6959,
FOTU_6982,
FOTU_6969,
FOTU_7017,Fungi,Ascomycota,Sordariomycetes,Hypocreales,Hypocreaceae,Trichoderma
FOTU_7012,
FOTU_6996,
FOTU_7009,
FOTU_7014,
FOTU_6998,
FOTU_6974,
FOTU_7024,
FOTU_6999,
FOTU_6962,Fungi,Ascomycota,Sordariomycetes,Hypocreales
FOTU_7008,
FOTU_7018,
FOTU_6979,
FOTU_7001,
FOTU_6990,
FOTU_6960,
FOTU_6983,
FOTU_7010,Fungi,Ascomycota,Eurotiomycetes,Eurotiales,Aspergillaceae,Talaromyces
FOTU_7015,
FOTU_7011,
FOTU_6984,
FOTU_7032,
FOTU_7006,
FOTU_7027,
FOTU_7028,
FOTU_7022,
FOTU_7004,
FOTU_6989,
FOTU_7048,
FOTU_7029,
FOTU_6954,
FOTU_7041,
FOTU_7037,
FOTU_7013,
FOTU_6993,
FOTU_7047,
FOTU_6944,
FOTU_7044,
FOTU_7021,
FOTU_7045,
FOTU_7042,Fungi,Ascomycota,Eurotiomycetes,Eurotiales,Aspergillaceae,Talaromyces
FOTU_7016,
FOTU_7034,
FOTU_7025,
FOTU_7005,
FOTU_7058,
FOTU_7002,
FOTU_7039,
FOTU_7059,
FOTU_7056,
FOTU_7003,
FOTU_7071,
FOTU_7057,
FOTU_6988,
FOTU_7055,
FOTU_7060,
FOTU_7043,
FOTU_7054,
FOTU_7053,
FOTU_7031,
FOTU_7030,
FOTU_7072,
FOTU_7062,
FOTU_7019,
FOTU_7061,
FOTU_7076,
FOTU_7040,
FOTU_7046,
FOTU_7033,
FOTU_6987,Fungi,Basidiomycota,Microbotryomycetes,Leucosporidiales,Leucosporidiaceae,Leucosporidium,Leucosporidium_golubevii
FOTU_7068,
FOTU_7000,
FOTU_7067,
FOTU_7050,
FOTU_7081,
FOTU_7087,
FOTU_7051,
FOTU_7088,
FOTU_7023,
FOTU_7038,
FOTU_7074,
FOTU_7084,
FOTU_7096,Fungi,Ascomycota,Dothideomycetes,Pleosporales,Cucurbitariaceae,Pyrenochaetopsis,Pyrenochaetopsis_tabarestanensis
FOTU_7070,
FOTU_7092,
FOTU_7052,
FOTU_7089,
FOTU_7075,
FOTU_7101,
FOTU_7091,
FOTU_7080,
FOTU_7083,
FOTU_7069,
FOTU_7035,
FOTU_7026,
FOTU_7106,
FOTU_7073,
FOTU_7099,
FOTU_7078,
FOTU_7090,
FOTU_7063,
FOTU_7036,
FOTU_7114,
FOTU_7120,
FOTU_7095,
FOTU_7102,
FOTU_7093,
FOTU_7065,
FOTU_7104,
FOTU_7020,
FOTU_7118,
FOTU_7105,
FOTU_7064,Fungi,Ascomycota,Sordariomycetes,Glomerellales,Plectosphaerellaceae,Gibellulopsis,Gibellulopsis_piscis
FOTU_7115,
FOTU_7108,
FOTU_7085,
FOTU_7124,
FOTU_7112,
FOTU_7094,
FOTU_7049,
FOTU_7122,
FOTU_7135,
FOTU_7127,
FOTU_7132,
FOTU_7126,
FOTU_7097,
FOTU_7134,
FOTU_7144,
FOTU_7077,
FOTU_7145,
FOTU_7107,
FOTU_7082,
FOTU_7137,
FOTU_7066,
FOTU_7079,
FOTU_7133,Fungi,Ascomycota,Sordariomycetes,Hypocreales,Hypocreaceae,Trichoderma
FOTU_7121,
FOTU_7130,
FOTU_7141,
FOTU_7139,
FOTU_7098,
FOTU_7129,
FOTU_7086,
FOTU_7109,
FOTU_7155,
FOTU_7154,
FOTU_7156,
FOTU_7111,
FOTU_7116,
FOTU_7119,
FOTU_7125,Fungi,Ascomycota,Sordariomycetes,Sordariales,Chaetomiaceae,Humicola,Humicola_sardiniae
FOTU_7136,
FOTU_7113,
FOTU_7162,
FOTU_7152,
FOTU_7151,
FOTU_7166,
FOTU_7103,
FOTU_7157,
FOTU_7100,
FOTU_7148,
FOTU_7172,
FOTU_7177,
FOTU_7146,Mocki,Mockimycota,Mockimycetes,Mockiales,Mockiaceae,Mock
FOTU_7164,
FOTU_7168,
FOTU_7138,
FOTU_7142,
FOTU_7147,
FOTU_7163,
FOTU_7117,
FOTU_7159,
FOTU_7161,
FOTU_7140,
FOTU_7123,
FOTU_7165,
FOTU_7128,
FOTU_7158,
FOTU_7185,Fungi,Ascomycota,Dothideomycetes,Capnodiales,Cladosporiaceae,Cladosporium
FOTU_7180,
FOTU_7187,
FOTU_7190,
FOTU_7182,
FOTU_7160,
FOTU_7196,
FOTU_7186,
FOTU_7110,
FOTU_7184,
FOTU_7192,
FOTU_7183,
FOTU_7143,
FOTU_7199,
FOTU_7203,
FOTU_7209,
FOTU_7193,
FOTU_7174,
FOTU_7131,
FOTU_7201,
FOTU_7212,
FOTU_7181,
FOTU_7176,
FOTU_7194,
FOTU_7171,
FOTU_7167,
FOTU_7153,Fungi,Ascomycota,Dothideomycetes,Pleosporales
FOTU_7207,
FOTU_7206,
FOTU_7188,
FOTU_7197,
FOTU_7175,
FOTU_7205,
FOTU_7169,
FOTU_7234,
FOTU_7191,Mocki,Mockimycota,Mockimycetes,Mockiales,Mockiaceae,Mock
FOTU_7179,Fungi,Ascomycota,Eurotiomycetes,Eurotiales,Aspergillaceae,Penicillium
FOTU_7150,
FOTU_7224,
FOTU_7221,Fungi,Ascomycota,Sordariomycetes,Glomerellales,Plectosphaerellaceae,Gibellulopsis
FOTU_7232,Fungi,Mortierellomycota,Mortierellomycetes,Mortierellales,Mortierellaceae,Linnemannia,Linnemannia_elongata
FOTU_7219,
FOTU_7229,
FOTU_7227,
FOTU_7173,
FOTU_7149,
FOTU_7230,
FOTU_7198,
FOTU_7256,
FOTU_7222,Fungi,Ascomycota,Dothideomycetes,Pleosporales
FOTU_7223,
FOTU_7243,
FOTU_7242,
FOTU_7214,
FOTU_7217,
FOTU_7210,
FOTU_7178,
FOTU_7259,
FOTU_7237,
FOTU_7218,
FOTU_7233,
FOTU_7195,
FOTU_7220,Fungi,Ascomycota,Sordariomycetes,Hypocreales,Nectriaceae,Fusarium
FOTU_7257,
FOTU_7211,
FOTU_7254,
FOTU_7258,
FOTU_7248,
FOTU_7202,
FOTU_7236,
FOTU_7251,
FOTU_7245,
FOTU_7241,
FOTU_7216,
FOTU_7228,
FOTU_7247,
FOTU_7225,
FOTU_7215,Mocki,Mockimycota,Mockimycetes,Mockiales,Mockiaceae,Mock
FOTU_7252,Fungi,Basidiomycota,Tremellomycetes,Tremellales
FOTU_7270,Fungi,Ascomycota,Sordariomycetes
FOTU_7266,
FOTU_7271,
FOTU_7235,
FOTU_7269,
FOTU_7231,
FOTU_7238,Fungi,Ascomycota,Sordariomycetes,Glomerellales,Plectosphaerellaceae,Gibellulopsis,Gibellulopsis_piscis
FOTU_7263,
FOTU_7249,
FOTU_7246,
FOTU_7262,
FOTU_7261,
FOTU_7170,
FOTU_7208,
FOTU_7279,
FOTU_7280,
FOTU_7282,
FOTU_7189,
FOTU_7200,
FOTU_7268,
FOTU_7267,
FOTU_7274,
FOTU_7226,
FOTU_7281,
FOTU_7239,
FOTU_7244,Fungi,Ascomycota,Sordariomycetes,Hypocreales,Hypocreaceae,Trichoderma
FOTU_7284,
FOTU_7287,
FOTU_7295,
FOTU_7297,
FOTU_7213,
FOTU_7204,
FOTU_7300,
FOTU_7292,
FOTU_7289,
FOTU_7250,
FOTU_7275,
FOTU_7260,
FOTU_7304,
FOTU_7291,
FOTU_7255,
FOTU_7288,
FOTU_7310,
FOTU_7272,
FOTU_7240,
FOTU_7264,
FOTU_7323,
FOTU_7265,
FOTU_7294,
FOTU_7321,
FOTU_7303,
FOTU_7273,
FOTU_7322,
FOTU_7276,
FOTU_7298,
FOTU_7301,
FOTU_7283,
FOTU_7308,
FOTU_7324,
FOTU_7316,
FOTU_7325,
FOTU_7293,
FOTU_7327,
FOTU_7326,
FOTU_7309,
FOTU_7313,
FOTU_7285,
FOTU_7305,
FOTU_7342,
FOTU_7332,
FOTU_7318,
FOTU_7253,
FOTU_7352,
FOTU_7315,
FOTU_7302,
FOTU_7311,
FOTU_7319,
FOTU_7330,
FOTU_7317,
FOTU_7290,
FOTU_7277,
FOTU_7286,
FOTU_7335,
FOTU_7299,
FOTU_7355,
FOTU_7344,
FOTU_7306,
FOTU_7353,
FOTU_7340,
FOTU_7341,
FOTU_7334,
FOTU_7296,
FOTU_7336,
FOTU_7349,
FOTU_7314,
FOTU_7367,
FOTU_7370,
FOTU_7362,
FOTU_7307,
FOTU_7347,
FOTU_7337,
FOTU_7361,
FOTU_7320,Fungi,Basidiomycota,Tremellomycetes,Filobasidiales,Filobasidiaceae,Filobasidium
FOTU_7372,
FOTU_7377,
FOTU_7333,
FOTU_7381,
FOTU_7329,
FOTU_7351,
FOTU_7339,
FOTU_7366,
FOTU_7371,
FOTU_7278,
FOTU_7312,
FOTU_7376,
FOTU_7358,
FOTU_7385,
FOTU_7384,
FOTU_7348,
FOTU_7368,
FOTU_7373,
FOTU_7357,
FOTU_7328,
FOTU_7331,
FOTU_7354,
FOTU_7369,
FOTU_7378,Fungi,Basidiomycota,Cystobasidiomycetes,Cystobasidiales,Cystobasidiaceae,Cystobasidium
FOTU_7386,
FOTU_7363,
FOTU_7395,
FOTU_7343,
FOTU_7356,
FOTU_7338,
FOTU_7393,Fungi,Ascomycota,Dothideomycetes,Capnodiales,Cladosporiaceae,Cladosporium
FOTU_7350,
FOTU_7392,
FOTU_7388,
FOTU_7409,
FOTU_7387,Fungi,Ascomycota,Sordariomycetes,Hypocreales,Nectriaceae,Fusarium
FOTU_7402,
FOTU_7398,
FOTU_7390,
FOTU_7345,
FOTU_7406,
FOTU_7360,
FOTU_7404,
FOTU_7380,
FOTU_7375,
FOTU_7425,
FOTU_7416,
FOTU_7359,
FOTU_7414,
FOTU_7412,
FOTU_7374,
FOTU_7399,
FOTU_7346,
FOTU_7389,
FOTU_7401,
FOTU_7391,
FOTU_7364,
FOTU_7417,
FOTU_7365,
FOTU_7419,
FOTU_7396,
FOTU_7383,
FOTU_7430,
FOTU_7403,
FOTU_7411,
FOTU_7407,Fungi,Ascomycota,Sordariomycetes,Sordariales,Chaetomiaceae
FOTU_7439,
FOTU_7413,
FOTU_7405,
FOTU_7422,
FOTU_7394,
FOTU_7431,
FOTU_7426,
FOTU_7423,
FOTU_7415,
FOTU_7432,
FOTU_7427,
FOTU_7435,
FOTU_7434,
FOTU_7447,
FOTU_7408,Fungi,Ascomycota,Sordariomycetes,Hypocreales,Hypocreaceae,Trichoderma
FOTU_7379,
FOTU_7428,
FOTU_7467,
FOTU_7424,
FOTU_7446,
FOTU_7418,
FOTU_7397,
FOTU_7382,
FOTU_7420,
FOTU_7458,
FOTU_7440,
FOTU_7457,
FOTU_7410,
FOTU_7438,
FOTU_7470,
FOTU_7442,
FOTU_7456,Fungi,Ascomycota,Sordariomycetes,Glomerellales,Plectosphaerellaceae,Gibellulopsis
FOTU_7450,
FOTU_7477,
FOTU_7468,Fungi,Ascomycota,Eurotiomycetes,Eurotiales,Aspergillaceae,Talaromyces
FOTU_7466,
FOTU_7453,
FOTU_7429,
FOTU_7444,
FOTU_7472,
FOTU_7463,
FOTU_7433,
FOTU_7449,
FOTU_7481,
FOTU_7465,
FOTU_7495,
FOTU_7421,
FOTU_7436,
FOTU_7445,
FOTU_7486,
FOTU_7454,Fungi,Ascomycota,Dothideomycetes,Botryosphaeriales,Botryosphaeriaceae
FOTU_7441,
FOTU_7452,
FOTU_7478,
FOTU_7500,
FOTU_7473,
FOTU_7400,
FOTU_7462,
FOTU_7451,
FOTU_7459,
FOTU_7503,
FOTU_7497,
FOTU_7437,
FOTU_7480,
FOTU_7479,
FOTU_7443,
FOTU_7507,
FOTU_7490,
FOTU_7494,
FOTU_7496,
FOTU_7514,
FOTU_7504,
FOTU_7448,Fungi,Ascomycota,Sordariomycetes,Hypocreales,Nectriaceae,Fusarium
FOTU_7471,
FOTU_7482,
FOTU_7489,
FOTU_7483,
FOTU_7476,
FOTU_7474,
FOTU_7529,
FOTU_7513,
FOTU_7506,
FOTU_7493,
FOTU_7499,
FOTU_7464,
FOTU_7469,
FOTU_7475,
FOTU_7512,
FOTU_7455,
FOTU_7460,
FOTU_7508,
FOTU_7510,
FOTU_7484,
FOTU_7530,
FOTU_7505,
FOTU_7461,
FOTU_7528,
FOTU_7521,
FOTU_7491,
FOTU_7515,
FOTU_7492,
FOTU_7548,
FOTU_7509,
FOTU_7501,
FOTU_7534,
FOTU_7522,
FOTU_7541,
FOTU_7485,
FOTU_7527,
FOTU_7543,
FOTU_7526,
FOTU_7539,
FOTU_7546,Fungi,Ascomycota,Sordariomycetes,Sordariales,Chaetomiaceae,Humicola,Humicola_sardiniae
FOTU_7519,
FOTU_7518,
FOTU_7545,
FOTU_7516,
FOTU_7551,
FOTU_7531,
FOTU_7540,Fungi,Basidiomycota,Tremellomycetes,Tremellales,Bulleribasidiaceae,Dioszegia
FOTU_7547,
FOTU_7554,
FOTU_7559,
FOTU_7535,
FOTU_7538,
FOTU_7556,
FOTU_7525,
FOTU_7549,
FOTU_7502,
FOTU_7561,
FOTU_7537,
FOTU_7511,
FOTU_7533,Fungi,Ascomycota,Sordariomycetes,Sordariales,Chaetomiaceae
FOTU_7566,
FOTU_7520,
FOTU_7498,Fungi,Ascomycota,Sordariomycetes,Hypocreales
FOTU_7564,
FOTU_7544,
FOTU_7536,
FOTU_7517,
FOTU_7487,
FOTU_7572,
FOTU_7550,
FOTU_7524,
FOTU_7488,
FOTU_7552,
FOTU_7553,
FOTU_7568,
FOTU_7567,
FOTU_7578,
FOTU_7570,
FOTU_7580,
FOTU_7596,
FOTU_7565,
FOTU_7575,
FOTU_7594,
FOTU_7590,
FOTU_7523,
FOTU_7563,
FOTU_7581,
FOTU_7574,
FOTU_7532,
FOTU_7584,
FOTU_7576,
FOTU_7555,
FOTU_7610,
FOTU_7609,
FOTU_7560,
FOTU_7603,
FOTU_7571,
FOTU_7557,
FOTU_7592,Fungi,Ascomycota,Sordariomycetes,Hypocreales
FOTU_7608,
FOTU_7601,
FOTU_7613,Fungi,Ascomycota,Sordariomycetes,Hypocreales,Sarocladium,Sarocladium_zeae
FOTU_7604,
FOTU_7602,
FOTU_7587,
FOTU_7558,
FOTU_7599,
FOTU_7573,
FOTU_7542,
FOTU_7593,
FOTU_7582,
FOTU_7585,
FOTU_7595,
FOTU_7562,Fungi,Ascomycota,Dothideomycetes,Pleosporales,Cucurbitariaceae,Pyrenochaetopsis,Pyrenochaetopsis_tabarestanensis
FOTU_7606,
FOTU_7583,
FOTU_7569,
FOTU_7588,
FOTU_7622,
FOTU_7623,
FOTU_7597,
FOTU_7591,
FOTU_7634,
FOTU_7607,
FOTU_7586,
FOTU_7637,
FOTU_7619,
FOTU_7600,
FOTU_7635,
FOTU_7630,
FOTU_7621,
FOTU_7605,
FOTU_7612,
FOTU_7647,
FOTU_7579,
FOTU_7639,
FOTU_7645,
FOTU_7633,
FOTU_7653,
FOTU_7642,
FOTU_7650,
FOTU_7598,
FOTU_7589,
FOTU_7617,
FOTU_7657,
FOTU_7624,
FOTU_7614,
FOTU_7665,
FOTU_7618,
FOTU_7615,
FOTU_7658,
FOTU_7652,
FOTU_7620,
FOTU_7660,
FOTU_7641,
FOTU_7659,
FOTU_7640,
FOTU_7661,
FOTU_7631,
FOTU_7677,
FOTU_7674,
FOTU_7636,
FOTU_7675,
FOTU_7577,
FOTU_7654,
FOTU_7628,
FOTU_7626,
FOTU_7682,
FOTU_7679,
FOTU_7664,
FOTU_7616,
FOTU_7651,
FOTU_7643,
FOTU_7671,
FOTU_7681,
FOTU_7627,
FOTU_7672,
FOTU_7666,
FOTU_7662,
FOTU_7632,
FOTU_7667,
FOTU_7638,
FOTU_7686,
FOTU_7648,
FOTU_7611,
FOTU_7625,
FOTU_7629,
FOTU_7695,
FOTU_7656,
FOTU_7689,
FOTU_7685,
FOTU_7698,
FOTU_7668,
FOTU_7676,
FOTU_7683,
FOTU_7646,
FOTU_7649,
FOTU_7701,
FOTU_7663,
FOTU_7680,
FOTU_7690,
FOTU_7691,
FOTU_7669,
FOTU_7644,
FOTU_7670,
FOTU_7687,
FOTU_7655,
FOTU_7678,
FOTU_7684,
FOTU_7699,
FOTU_7696,
FOTU_7719,
FOTU_7712,
FOTU_7728,
FOTU_7710,
FOTU_7708,
FOTU_7726,
FOTU_7673,
FOTU_7724,
FOTU_7706,Fungi,Ascomycota,Sordariomycetes,Hypocreales
FOTU_7714,
FOTU_7694,
FOTU_7688,
FOTU_7725,
FOTU_7693,
FOTU_7702,
FOTU_7722,
FOTU_7742,
FOTU_7730,
FOTU_7697,
FOTU_7747,
FOTU_7700,
FOTU_7703,
FOTU_7716,Fungi,Basidiomycota,Cystobasidiomycetes
FOTU_7713,
FOTU_7692,
FOTU_7736,
FOTU_7718,
FOTU_7751,
FOTU_7740,Fungi,Ascomycota,Sordariomycetes,Hypocreales,Bionectriaceae,Clonostachys,Clonostachys_rosea
FOTU_7735,
FOTU_7727,
FOTU_7721,
FOTU_7749,
FOTU_7746,
FOTU_7756,
FOTU_7715,
FOTU_7738,
FOTU_7729,
FOTU_7761,
FOTU_7704,
FOTU_7720,
FOTU_7754,
FOTU_7707,
FOTU_7753,
FOTU_7711,
FOTU_7717,
FOTU_7705,
FOTU_7763,
FOTU_7773,
FOTU_7757,
FOTU_7752,
FOTU_7768,
FOTU_7744,
FOTU_7755,Fungi,Ascomycota,Dothideomycetes,Pleosporales,Cucurbitariaceae,Pyrenochaetopsis,Pyrenochaetopsis_tabarestanensis
FOTU_7772,
FOTU_7766,
FOTU_7737,
FOTU_7723,
FOTU_7794,
FOTU_7741,
FOTU_7769,
FOTU_7759,
FOTU_7781,
FOTU_7758,
FOTU_7799,
FOTU_7779,
FOTU_7793,Fungi,Ascomycota,Sordariomycetes,Sordariales,Chaetomiaceae
FOTU_7795,
FOTU_7748,
FOTU_7764,
FOTU_7765,
FOTU_7789,
FOTU_7739,
FOTU_7774,
FOTU_7777,
FOTU_7792,
FOTU_7775,
FOTU_7780,
FOTU_7709,
FOTU_7770,
FOTU_7803,
FOTU_7762,
FOTU_7786,
FOTU_7788,
FOTU_7782,
FOTU_7734,
FOTU_7787,
FOTU_7806,Fungi,Ascomycota,Eurotiomycetes,Eurotiales,Aspergillaceae,Penicillium
FOTU_7760,
FOTU_7745,
FOTU_7731,
FOTU_7732,
FOTU_7790,
FOTU_7796,
FOTU_7783,
FOTU_7778,
FOTU_7804,
FOTU_7802,
FOTU_7733,
FOTU_7810,
FOTU_7743,Fungi,Ascomycota,Eurotiomycetes,Eurotiales,Aspergillaceae,Talaromyces,Talaromyces_purpureogenus
FOTU_7785,
FOTU_7824,
FOTU_7827,
FOTU_7816,
FOTU_7808,
FOTU_7784,
FOTU_7825,
FOTU_7776,
FOTU_7826,
FOTU_7831,
FOTU_7807,
FOTU_7820,
FOTU_7800,
FOTU_7791,
FOTU_7767,
FOTU_7798,
FOTU_7833,
FOTU_7812,
FOTU_7819,
FOTU_7811,
FOTU_7771,
FOTU_7850,Fungi,Ascomycota,Dothideomycetes,Pleosporales
FOTU_7841,
FOTU_7750,Fungi,Ascomycota,Sordariomycetes,Hypocreales,Nectriaceae,Fusarium
FOTU_7842,
FOTU_7866,
FOTU_7801,
FOTU_7844,
FOTU_7823,
FOTU_7821,
FOTU_7845,
FOTU_7851,
FOTU_7854,Fungi,Ascomycota,Dothideomycetes,Pleosporales,Cucurbitariaceae,Pyrenochaetopsis,Pyrenochaetopsis_tabarestanensis
FOTU_7832,
FOTU_7809,
FOTU_7852,
FOTU_7828,
FOTU_7857,
FOTU_7797,
FOTU_7834,Fungi,Ascomycota,Eurotiomycetes,Eurotiales,Aspergillaceae,Penicillium
FOTU_7829,
FOTU_7817,
FOTU_7815,
FOTU_7837,
FOTU_7868,
FOTU_7840,
FOTU_7865,
FOTU_7870,
FOTU_7869,
FOTU_7874,
FOTU_7867,
FOTU_7861,
FOTU_7848,
FOTU_7849,
FOTU_7836,
FOTU_7818,
FOTU_7835,
FOTU_7813,
FOTU_7883,
FOTU_7879,
FOTU_7847,
FOTU_7855,
FOTU_7853,
FOTU_7839,
FOTU_7859,
FOTU_7877,
FOTU_7887,
FOTU_7822,
FOTU_7830,
FOTU_7860,
FOTU_7913,
FOTU_7863,
FOTU_7864,
FOTU_7814,
FOTU_7838,
FOTU_7894,Fungi,Ascomycota,Sordariomycetes,Sordariales,Chaetomiaceae
FOTU_7871,
FOTU_7805,
FOTU_7909,
FOTU_7885,
FOTU_7907,
FOTU_7880,
FOTU_7846,Fungi,Mortierellomycota,Mortierellomycetes,Mortierellales,Mortierellaceae,Mortierella,Mortierella_alpina
FOTU_7897,
FOTU_7878,
FOTU_7875,
FOTU_7903,Fungi,Ascomycota,Sordariomycetes,Hypocreales,Hypocreaceae,Trichoderma
FOTU_7873,
FOTU_7858,
FOTU_7916,
FOTU_7884,
FOTU_7843,
FOTU_7892,
FOTU_7862,
FOTU_7932,
FOTU_7889,
FOTU_7912,
FOTU_7920,
FOTU_7933,
FOTU_7899,
FOTU_7927,
FOTU_7872,
FOTU_7882,
FOTU_7904,
FOTU_7915,
FOTU_7901,
FOTU_7918,
FOTU_7900,Fungi,Ascomycota,Dothideomycetes,Pleosporales,Didymosphaeriaceae,Paraphaeosphaeria
FOTU_7890,
FOTU_7936,
FOTU_7896,
FOTU_7891,
FOTU_7923,
FOTU_7938,
FOTU_7929,
FOTU_7914,
FOTU_7908,
FOTU_7910,
FOTU_7902,
FOTU_7895,
FOTU_7917,
FOTU_7930,
FOTU_7898,
FOTU_7881,
FOTU_7886,
FOTU_7911,
FOTU_7942,
FOTU_7931,Fungi,Ascomycota,Sordariomycetes,Hypocreales,Nectriaceae,Fusarium,Fusarium_equiseti
FOTU_7856,
FOTU_7924,
FOTU_7925,
FOTU_7948,
FOTU_7935,
FOTU_7945,
FOTU_7946,
FOTU_7940,
FOTU_7928,
FOTU_7876,
FOTU_7937,
FOTU_7962,
FOTU_7905,
FOTU_7888,
FOTU_7953,
FOTU_7949,
FOTU_7893,
FOTU_7906,Fungi,Ascomycota,Dothideomycetes,Botryosphaeriales,Botryosphaeriaceae
FOTU_7943,
FOTU_7958,
FOTU_7921,
FOTU_7973,
FOTU_7972,
FOTU_7934,
FOTU_7964,
FOTU_7957,
FOTU_7956,
FOTU_7950,
FOTU_7976,
FOTU_7971,
FOTU_7922,
FOTU_7961,
FOTU_7919,
FOTU_7987,
FOTU_7970,
FOTU_7965,
FOTU_7969,
FOTU_7947,
FOTU_7954,
FOTU_7926,Fungi,Ascomycota,Sordariomycetes,Hypocreales,Hypocreaceae,Trichoderma
FOTU_7994,
FOTU_7944,
FOTU_7984,
FOTU_7939,
FOTU_7968,
FOTU_7999,
FOTU_7974,
FOTU_7941,
FOTU_7967,
FOTU_7977,
FOTU_8000,
FOTU_7991,
FOTU_7990,
FOTU_8003,
FOTU_7989,Fungi,Ascomycota,Sordariomycetes,Glomerellales,Plectosphaerellaceae,Gibellulopsis,Gibellulopsis_piscis
FOTU_7983,
FOTU_7963,Fungi,Ascomycota,Dothideomycetes,Pleosporales,Cucurbitariaceae,Pyrenochaetopsis,Pyrenochaetopsis_tabarestanensis
FOTU_7997,
FOTU_7998,
FOTU_7979,
FOTU_7955,
FOTU_7966,
FOTU_8002,
FOTU_7959,
FOTU_8015,
FOTU_8016,
FOTU_8019,
FOTU_7978,
FOTU_7975,Fungi,Basidiomycota,Cystobasidiomycetes,Cystobasidiales,Cystobasidiaceae,Cystobasidium
FOTU_7952,
FOTU_7992,
FOTU_8031,
FOTU_7995,
FOTU_8006,Fungi,Mortierellomycota,Mortierellomycetes,Mortierellales,Mortierellaceae,Mortierella
FOTU_8035,
FOTU_8021,
FOTU_8036,
FOTU_8041,
FOTU_8034,
FOTU_7951,
FOTU_8023,
FOTU_7981,
FOTU_8040,
FOTU_8026,
FOTU_8046,
FOTU_8038,
FOTU_8010,
FOTU_8005,
FOTU_8032,
FOTU_8025,
FOTU_8004,
FOTU_8033,
FOTU_8047,
FOTU_7996,
FOTU_8054,
FOTU_7985,
FOTU_8017,
FOTU_8045,
FOTU_8009,
FOTU_7993,
FOTU_8018,
FOTU_8056,
FOTU_8014,
FOTU_8043,
FOTU_7982,
FOTU_7980,
FOTU_8062,
FOTU_8052,
FOTU_8059,
FOTU_7986,
FOTU_8030,
FOTU_8013,
FOTU_8055,
FOTU_8061,
FOTU_8001,
FOTU_8050,
FOTU_8058,
FOTU_8053,
FOTU_8008,
FOTU_8048,
FOTU_8073,
FOTU_8028,
FOTU_8011,
FOTU_7960,
FOTU_8057,
FOTU_8066,Fungi,Ascomycota,Eurotiomycetes,Eurotiales,Aspergillaceae,Talaromyces
FOTU_8065,
FOTU_8081,
FOTU_8049,
FOTU_8077,
FOTU_8072,
FOTU_8070,
FOTU_8027,
FOTU_8042,
FOTU_7988,
FOTU_8068,
FOTU_8022,
FOTU_8064,
FOTU_8039,
FOTU_8007,
FOTU_8029,
FOTU_8085,
FOTU_8051,
FOTU_8012,
FOTU_8075,
FOTU_8063,
FOTU_8037,
FOTU_8067,
FOTU_8020,
FOTU_8024,
FOTU_8071,Fungi,Ascomycota,Dothideomycetes,Pleosporales
FOTU_8105,
FOTU_8097,
FOTU_8087,
FOTU_8069,
FOTU_8095,
FOTU_8079,
FOTU_8082,Fungi,Ascomycota,Sordariomycetes,Sordariales,Chaetomiaceae,Humicola,Humicola_sardiniae
FOTU_8109,
FOTU_8084,
FOTU_8086,Fungi,Ascomycota,Dothideomycetes,Pleosporales
FOTU_8074,
FOTU_8107,
FOTU_8080,
FOTU_8078,
FOTU_8118,
FOTU_8106,
FOTU_8122,
FOTU_8114,
FOTU_8104,
FOTU_8089,
FOTU_8092,
FOTU_8101,
FOTU_8060,
FOTU_8099,
FOTU_8094,
FOTU_8044,
FOTU_8102,
FOTU_8108,
FOTU_8117,
FOTU_8088,
FOTU_8076,
FOTU_8110,
FOTU_8136,
FOTU_8131,Fungi,Ascomycota,Dothideomycetes,Capnodiales,Cladosporiaceae,Cladosporium
FOTU_8121,
FOTU_8132,
FOTU_8130,
FOTU_8113,
FOTU_8091,
FOTU_8090,Fungi,Ascomycota,Sordariomycetes,Hypocreales
FOTU_8115,
FOTU_8157,
FOTU_8120,
FOTU_8133,
FOTU_8137,
FOTU_8096,
FOTU_8159,
FOTU_8093,
FOTU_8150,
FOTU_8127,
FOTU_8124,
FOTU_8083,Fungi,Ascomycota,Sordariomycetes,Sordariales,Chaetomiaceae
FOTU_8123,
FOTU_8160,
FOTU_8119,
FOTU_8128,
FOTU_8139,
FOTU_8103,
FOTU_8138,
FOTU_8146,Fungi,Ascomycota,Sordariomycetes,Hypocreales,Hypocreaceae,Trichoderma
FOTU_8163,
FOTU_8158,
FOTU_8171,
FOTU_8125,
FOTU_8156,
FOTU_8098,
FOTU_8116,
FOTU_8149,
FOTU_8141,
FOTU_8142,
FOTU_8100,
FOTU_8182,
FOTU_8140,
FOTU_8148,Fungi,Ascomycota,Sordariomycetes,Glomerellales,Plectosphaerellaceae,Gibellulopsis,Gibellulopsis_piscis
FOTU_8166,
FOTU_8173,
FOTU_8112,
FOTU_8177,
FOTU_8168,
FOTU_8143,
FOTU_8111,
FOTU_8194,
FOTU_8129,
FOTU_8174,
FOTU_8165,
FOTU_8186,
FOTU_8162,
FOTU_8153,
FOTU_8176,
FOTU_8154,
FOTU_8181,Fungi,Mortierellomycota,Mortierellomycetes,Mortierellales,Mortierellaceae,Mortierella,Mortierella_alpina
FOTU_8179,
FOTU_8134,
FOTU_8175,
FOTU_8144,
FOTU_8204,
FOTU_8152,
FOTU_8151,
FOTU_8196,
FOTU_8203,
FOTU_8191,
FOTU_8189,
FOTU_8169,
FOTU_8155,
FOTU_8198,
FOTU_8147,
FOTU_8185,
FOTU_8167,
FOTU_8207,
FOTU_8178,
FOTU_8200,
FOTU_8180,
FOTU_8172,
FOTU_8193,
FOTU_8201,
FOTU_8126,Fungi,Ascomycota,Dothideomycetes,Pleosporales
FOTU_8145,
FOTU_8199,
FOTU_8216,
FOTU_8217,
FOTU_8135,
FOTU_8205,
FOTU_8223,
FOTU_8161,
FOTU_8187,
FOTU_8202,
FOTU_8213,
FOTU_8218,
FOTU_8192,
FOTU_8230,
FOTU_8206,Fungi,Ascomycota,Sordariomycetes,Glomerellales,Plectosphaerellaceae,Gibellulopsis,Gibellulopsis_piscis
FOTU_8197,
FOTU_8219,
FOTU_8212,
FOTU_8234,
FOTU_8190,
FOTU_8211,
FOTU_8233,
FOTU_8226,
FOTU_8210,
FOTU_8164,
FOTU_8208,
FOTU_8235,
FOTU_8195,
FOTU_8188,
FOTU_8232,
FOTU_8209,
FOTU_8170,Fungi,Ascomycota,Sordariomycetes,Sordariales,Chaetomiaceae,Pseudothielavia,Pseudothielavia_arxii
FOTU_8214,
FOTU_8184,
FOTU_8224,
FOTU_8183,
FOTU_8231,
FOTU_8238,Fungi,Basidiomycota,Tremellomycetes,Tremellales
FOTU_8236,
FOTU_8221,
FOTU_8215,
FOTU_8245,
FOTU_8246,
FOTU_8228,
FOTU_8242,Fungi,Mucoromycota,Mucoromycetes,Mucorales,Cunninghamellaceae,Gongronella,Gongronella_butleri
FOTU_8249,
FOTU_8241,
FOTU_8279,
FOTU_8239,
FOTU_8273,
FOTU_8229,Fungi,Basidiomycota,Microbotryomycetes,Leucosporidiales,Leucosporidiaceae,Leucosporidium,Leucosporidium_golubevii
FOTU_8220,
FOTU_8227,
FOTU_8247,
FOTU_8258,
FOTU_8237,
FOTU_8274,
FOTU_8264,
FOTU_8282,
FOTU_8244,Fungi,Ascomycota,Dothideomycetes,Pleosporales,Cucurbitariaceae,Pyrenochaetopsis,Pyrenochaetopsis_tabarestanensis
FOTU_8267,
FOTU_8268,
FOTU_8225,
FOTU_8277,
FOTU_8265,
FOTU_8270,
FOTU_8243,
FOTU_8256,
FOTU_8262,
FOTU_8272,
FOTU_8291,
FOTU_8286,
FOTU_8280,
FOTU_8250,
FOTU_8287,
FOTU_8263,
FOTU_8271,
FOTU_8295,
FOTU_8281,
FOTU_8251,
FOTU_8240,
FOTU_8288,
FOTU_8303,
FOTU_8293,
FOTU_8252,
FOTU_8254,
FOTU_8253,
FOTU_8301,
FOTU_8292,
FOTU_8283,
FOTU_8278,
FOTU_8285,
FOTU_8300,Fungi,Ascomycota,Sordariomycetes,Hypocreales
FOTU_8297,
FOTU_8299,
FOTU_8266,
FOTU_8304,
FOTU_8222,
FOTU_8305,
FOTU_8269,
FOTU_8296,
FOTU_8255,
FOTU_8290,
FOTU_8259,
FOTU_8260,
FOTU_8257,
FOTU_8306,Fungi,Ascomycota,Sordariomycetes,Glomerellales,Glomerellaceae,Colletotrichum
FOTU_8326,
FOTU_8248,
FOTU_8315,
FOTU_8289,
FOTU_8308,
FOTU_8330,
FOTU_8339,
FOTU_8314,
FOTU_8309,
FOTU_8332,
FOTU_8316,Fungi,Ascomycota,Eurotiomycetes,Eurotiales,Aspergillaceae,Penicillium
FOTU_8276,
FOTU_8319,
FOTU_8298,
FOTU_8331,
FOTU_8275,
FOTU_8321,Fungi,Ascomycota,Sordariomycetes,Hypocreales,Hypocreaceae,Trichoderma
FOTU_8284,
FOTU_8294,
FOTU_8302,Fungi,Ascomycota,Sordariomycetes,Hypocreales,Nectriaceae,Fusarium
FOTU_8310,
FOTU_8324,
FOTU_8337,Fungi,Ascomycota,Sordariomycetes,Hypocreales
FOTU_8261,
FOTU_8344,
FOTU_8340,
FOTU_8325,
FOTU_8347,
FOTU_8357,
FOTU_8323,
FOTU_8313,
FOTU_8352,
FOTU_8345,
FOTU_8333,
FOTU_8317,
FOTU_8359,
FOTU_8329,
FOTU_8348,
FOTU_8362,
FOTU_8356,
FOTU_8361,
FOTU_8307,
FOTU_8363,
FOTU_8351,
FOTU_8341,
FOTU_8343,
FOTU_8342,
FOTU_8360,
FOTU_8346,
FOTU_8336,
FOTU_8354,
FOTU_8367,
FOTU_8353,
FOTU_8355,
FOTU_8334,
FOTU_8366,
FOTU_8322,
FOTU_8320,
FOTU_8328,
FOTU_8374,Fungi,Ascomycota,Eurotiomycetes,Eurotiales,Aspergillaceae,Talaromyces
FOTU_8377,
FOTU_8382,
FOTU_8388,
FOTU_8368,
FOTU_8350,
FOTU_8312,
FOTU_8383,
FOTU_8318,
FOTU_8379,
FOTU_8391,
FOTU_8376,
FOTU_8375,
FOTU_8327,Fungi,Ascomycota,Sordariomycetes,Hypocreales
FOTU_8364,
FOTU_8338,Fungi,Ascomycota,Sordariomycetes,Hypocreales
FOTU_8411,
FOTU_8373,
FOTU_8378,
FOTU_8358,
FOTU_8349,
FOTU_8372,
FOTU_8410,
FOTU_8390,
FOTU_8394,Fungi,Ascomycota,Sordariomycetes,Hypocreales,Nectriaceae,Fusarium,Fusarium_equiseti
FOTU_8398,
FOTU_8396,
FOTU_8311,
FOTU_8365,
FOTU_8401,
FOTU_8403,
FOTU_8414,
FOTU_8386,
FOTU_8393,
FOTU_8369,
FOTU_8404,
FOTU_8380,
FOTU_8417,
FOTU_8428,
FOTU_8381,
FOTU_8412,
FOTU_8421,
FOTU_8385,
FOTU_8415,
FOTU_8418,
FOTU_8387,
FOTU_8413,
FOTU_8335,
FOTU_8420,
FOTU_8409,
FOTU_8371,
FOTU_8389,
FOTU_8400,Fungi,Ascomycota,Dothideomycetes,Pleosporales,Cucurbitariaceae,Pyrenochaetopsis,Pyrenochaetopsis_tabarestanensis
FOTU_8392,
FOTU_8431,
FOTU_8433,
FOTU_8419,
FOTU_8432,
FOTU_8441,
FOTU_8384,
FOTU_8370,
FOTU_8436,Fungi,Ascomycota,Sordariomycetes,Hypocreales
FOTU_8440,
FOTU_8448,
FOTU_8437,
FOTU_8426,
FOTU_8397,
FOTU_8406,
FOTU_8424,
FOTU_8399,
FOTU_8430,
FOTU_8405,
FOTU_8453,
FOTU_8435,
FOTU_8438,
FOTU_8454,
FOTU_8422,
FOTU_8443,
FOTU_8408,
FOTU_8434,
FOTU_8427,
FOTU_8446,Fungi,Ascomycota,Sordariomycetes,Hypocreales,Hypocreaceae,Trichoderma,Trichoderma_turrialbense
FOTU_8452,
FOTU_8465,
FOTU_8425,
FOTU_8447,
FOTU_8451,
FOTU_8471,
FOTU_8423,
FOTU_8445,
FOTU_8444,
FOTU_8469,
FOTU_8462,
FOTU_8407,
FOTU_8461,
FOTU_8416,
FOTU_8492,
FOTU_8439,
FOTU_8476,
FOTU_8491,
FOTU_8442,
FOTU_8480,
FOTU_8483,
FOTU_8487,
FOTU_8488,
FOTU_8472,
FOTU_8402,
FOTU_8464,
FOTU_8456,
FOTU_8450,
FOTU_8466,
FOTU_8475,
FOTU_8479,
FOTU_8395,
FOTU_8489,
FOTU_8485,
FOTU_8459,
FOTU_8474,
FOTU_8467,
FOTU_8481,
FOTU_8463,
FOTU_8490,
FOTU_8498,
FOTU_8486,Fungi,Mortierellomycota,Mortierellomycetes,Mortierellales,Mortierellaceae,Mortierella,Mortierella_calciphila
FOTU_8458,
FOTU_8455,Fungi,Mortierellomycota,Mortierellomycetes,Mortierellales,Mortierellaceae,Linnemannia,Linnemannia_elongata
FOTU_8449,
FOTU_8514,
FOTU_8510,
FOTU_8495,
FOTU_8484,
FOTU_8457,
FOTU_8503,
FOTU_8470,
FOTU_8508,
FOTU_8507,
FOTU_8429,
FOTU_8509,
FOTU_8478,Fungi,Basidiomycota,Microbotryomycetes,Leucosporidiales,Leucosporidiaceae,Leucosporidium
FOTU_8477,
FOTU_8517,
FOTU_8511,
FOTU_8482,Fungi,Basidiomycota,Cystobasidiomycetes
FOTU_8519,
FOTU_8468,
FOTU_8527,
FOTU_8515,
FOTU_8460,
FOTU_8497,
FOTU_8493,
FOTU_8502,
FOTU_8525,
FOTU_8516,
FOTU_8496,
FOTU_8473,Fungi,Ascomycota,Sordariomycetes
FOTU_8520,
FOTU_8505,
FOTU_8494,
FOTU_8528,
FOTU_8522,
FOTU_8499,
FOTU_8524,
FOTU_8531,
FOTU_8538,Fungi,Ascomycota,Sordariomycetes,Sordariales,Chaetomiaceae,Humicola,Humicola_sardiniae
FOTU_8542,
FOTU_8504,
FOTU_8500,Fungi,Ascomycota,Sordariomycetes,Glomerellales,Plectosphaerellaceae,Gibellulopsis,Gibellulopsis_piscis
FOTU_8537,
FOTU_8512,
FOTU_8513,
FOTU_8545,
FOTU_8540,
FOTU_8553,
FOTU_8506,
FOTU_8521,
FOTU_8501,
FOTU_8548,
FOTU_8543,
FOTU_8544,
FOTU_8523,
FOTU_8535,
FOTU_8534,
FOTU_8533,
FOTU_8518,
FOTU_8564,
FOTU_8566,
FOTU_8554,
FOTU_8526,
FOTU_8536,
FOTU_8550,
FOTU_8570,
FOTU_8539,Fungi,Ascomycota,Dothideomycetes,Pleosporales
FOTU_8572,
FOTU_8529,
FOTU_8584,Fungi,Ascomycota,Eurotiomycetes,Eurotiales,Aspergillaceae,Penicillium
FOTU_8557,
FOTU_8556,
FOTU_8565,Fungi,Ascomycota,Sordariomycetes,Hypocreales,Nectriaceae,Fusarium
FOTU_8563,
FOTU_8573,
FOTU_8530,
FOTU_8583,
FOTU_8547,
FOTU_8560,
FOTU_8586,
FOTU_8567,
FOTU_8606,
FOTU_8578,
FOTU_8574,
FOTU_8599,
FOTU_8577,
FOTU_8585,
FOTU_8549,
FOTU_8551,
FOTU_8612,Fungi,Ascomycota,Dothideomycetes,Pleosporales,Sporormiaceae,Westerdykella
FOTU_8598,
FOTU_8589,
FOTU_8610,
FOTU_8568,
FOTU_8617,
FOTU_8605,
FOTU_8552,
FOTU_8590,
FOTU_8581,
FOTU_8611,
FOTU_8619,
FOTU_8634,
FOTU_8597,
FOTU_8609,
FOTU_8579,
FOTU_8555,
FOTU_8615,
FOTU_8591,
FOTU_8582,Fungi,Ascomycota,Dothideomycetes,Pleosporales
FOTU_8541,
FOTU_8562,
FOTU_8633,
FOTU_8616,
FOTU_8596,
FOTU_8613,
FOTU_8626,
FOTU_8532,
FOTU_8607,
FOTU_8618,
FOTU_8571,
FOTU_8587,
FOTU_8604,
FOTU_8561,Fungi,Ascomycota,Sordariomycetes,Hypocreales,Nectriaceae,Fusarium
FOTU_8628,
FOTU_8559,
FOTU_8644,
FOTU_8546,
FOTU_8608,
FOTU_8603,
FOTU_8576,
FOTU_8620,Fungi,Mortierellomycota,Mortierellomycetes,Mortierellales,Mortierellaceae,Linnemannia,Linnemannia_elongata
FOTU_8569,
FOTU_8623,
FOTU_8627,
FOTU_8575,Fungi,Ascomycota,Sordariomycetes
FOTU_8614,
FOTU_8635,
FOTU_8624,
FOTU_8593,
FOTU_8588,
FOTU_8643,
FOTU_8639,
FOTU_8646,
FOTU_8631,
FOTU_8654,
FOTU_8621,
FOTU_8640,
FOTU_8594,
FOTU_8656,
FOTU_8650,
FOTU_8600,
FOTU_8558,
FOTU_8592,
FOTU_8657,
FOTU_8641,
FOTU_8647,
FOTU_8595,
FOTU_8651,
FOTU_8649,
FOTU_8629,
FOTU_8622,
FOTU_8580,
FOTU_8648,
FOTU_8625,
FOTU_8664,
FOTU_8659,
FOTU_8602,
FOTU_8665,
FOTU_8636,
FOTU_8601,
FOTU_8630,
FOTU_8660,
FOTU_8666,
FOTU_8655,
FOTU_8661,
FOTU_8674,
FOTU_8667,
FOTU_8652,
FOTU_8638,
FOTU_8681,
FOTU_8637,
FOTU_8653,
FOTU_8685,
FOTU_8658,
FOTU_8632,Fungi,Ascomycota,Sordariomycetes,Hypocreales
FOTU_8642,
FOTU_8675,
FOTU_8680,
FOTU_8663,
FOTU_8677,
FOTU_8693,
FOTU_8669,
FOTU_8699,
FOTU_8671,
FOTU_8673,
FOTU_8700,
FOTU_8672,
FOTU_8718,
FOTU_8662,
FOTU_8687,
FOTU_8705,Fungi,Ascomycota,Dothideomycetes,Pleosporales
FOTU_8694,
FOTU_8719,
FOTU_8645,
FOTU_8676,
FOTU_8724,
FOTU_8696,
FOTU_8709,
FOTU_8670,
FOTU_8679,
FOTU_8701,
FOTU_8688,
FOTU_8723,
FOTU_8747,
FOTU_8737,
FOTU_8731,
FOTU_8668,
FOTU_8698,
FOTU_8704,
FOTU_8733,
FOTU_8682,Fungi,Ascomycota,Sordariomycetes,Glomerellales,Plectosphaerellaceae,Gibellulopsis,Gibellulopsis_piscis
FOTU_8684,
FOTU_8712,
FOTU_8725,
FOTU_8739,
FOTU_8706,
FOTU_8697,
FOTU_8720,Fungi,Mortierellomycota,Mortierellomycetes,Mortierellales,Mortierellaceae,Mortierella,Mortierella_calciphila
FOTU_8732,
FOTU_8713,
FOTU_8722,
FOTU_8726,
FOTU_8715,
FOTU_8744,
FOTU_8745,
FOTU_8691,
FOTU_8752,
FOTU_8717,
FOTU_8751,
FOTU_8710,
FOTU_8711,
FOTU_8716,
FOTU_8741,Fungi,Basidiomycota,Cystobasidiomycetes,Symmetrosporaceae,Symmetrospora
FOTU_8748,
FOTU_8740,
FOTU_8750,
FOTU_8707,
FOTU_8686,
FOTU_8756,
FOTU_8689,
FOTU_8753,
FOTU_8695,
FOTU_8754,
FOTU_8746,
FOTU_8690,
FOTU_8735,
FOTU_8763,
FOTU_8683,
FOTU_8702,
FOTU_8678,
FOTU_8767,
FOTU_8692,
FOTU_8765,Fungi,Ascomycota,Eurotiomycetes,Eurotiales,Aspergillaceae,Penicillium
FOTU_8774,
FOTU_8728,
FOTU_8742,Fungi,Mortierellomycota,Mortierellomycetes,Mortierellales,Mortierellaceae
FOTU_8775,
FOTU_8759,
FOTU_8758,
FOTU_8771,
FOTU_8757,
FOTU_8779,
FOTU_8721,
FOTU_8729,
FOTU_8730,
FOTU_8714,Fungi,Ascomycota,Sordariomycetes,Glomerellales,Plectosphaerellaceae,Plectosphaerella
FOTU_8727,
FOTU_8760,
FOTU_8736,
FOTU_8762,
FOTU_8781,
FOTU_8738,
FOTU_8743,
FOTU_8770,
FOTU_8764,
FOTU_8703,
FOTU_8772,
FOTU_8761,
FOTU_8769,
FOTU_8777,
FOTU_8734,
FOTU_8783,
FOTU_8776,
FOTU_8773,
FOTU_8749,
FOTU_8798,
FOTU_8785,
FOTU_8789,
FOTU_8792,
FOTU_8799,
FOTU_8708,
FOTU_8787,
FOTU_8778,Fungi,Ascomycota,Dothideomycetes,Pleosporales
FOTU_8782,
FOTU_8804,
FOTU_8755,
FOTU_8790,
FOTU_8766,
FOTU_8794,
FOTU_8768,
FOTU_8810,
FOTU_8814,Fungi,Ascomycota,Eurotiomycetes,Eurotiales,Aspergillaceae,Talaromyces
FOTU_8786,
FOTU_8791,
FOTU_8784,
FOTU_8793,
FOTU_8813,
FOTU_8805,
FOTU_8821,
FOTU_8802,
FOTU_8797,
FOTU_8816,
FOTU_8788,
FOTU_8818,
FOTU_8780,
FOTU_8807,
FOTU_8796,
FOTU_8817,
FOTU_8833,
FOTU_8795,
FOTU_8819,
FOTU_8820,
FOTU_8827,
FOTU_8812,
FOTU_8835,
FOTU_8800,
FOTU_8845,
FOTU_8840,
FOTU_8801,
FOTU_8836,
FOTU_8842,
FOTU_8826,
FOTU_8808,
FOTU_8828,
FOTU_8857,
FOTU_8838,
FOTU_8815,
FOTU_8846,
FOTU_8841,Fungi,Ascomycota,Sordariomycetes,Sordariales,Chaetomiaceae,Pseudothielavia,Pseudothielavia_arxii
FOTU_8858,
FOTU_8870,
FOTU_8851,
FOTU_8822,
FOTU_8832,
FOTU_8879,
FOTU_8824,
FOTU_8803,
FOTU_8867,Fungi,Mortierellomycota,Mortierellomycetes,Mortierellales,Mortierellaceae,Mortierella
FOTU_8848,
FOTU_8853,
FOTU_8830,
FOTU_8831,
FOTU_8860,
FOTU_8877,Fungi,Ascomycota,Dothideomycetes,Pleosporales,Cucurbitariaceae,Pyrenochaetopsis,Pyrenochaetopsis_tabarestanensis
FOTU_8839,
FOTU_8806,
FOTU_8868,
FOTU_8847,
FOTU_8862,
FOTU_8871,
FOTU_8881,
FOTU_8861,Fungi,Ascomycota,Eurotiomycetes,Eurotiales,Aspergillaceae,Talaromyces
FOTU_8829,
FOTU_8855,
FOTU_8852,
FOTU_8889,
FOTU_8811,
FOTU_8859,
FOTU_8825,
FOTU_8823,Fungi,Ascomycota,Sordariomycetes,Sordariales,Chaetomiaceae
FOTU_8895,
FOTU_8885,
FOTU_8892,
FOTU_8809,
FOTU_8869,
FOTU_8874,
FOTU_8866,
FOTU_8901,
FOTU_8904,
FOTU_8907,
FOTU_8890,
FOTU_8894,
FOTU_8837,
FOTU_8834,
FOTU_8876,
FOTU_8850,
FOTU_8849,
FOTU_8906,
FOTU_8899,
FOTU_8884,
FOTU_8843,Fungi,Ascomycota,Sordariomycetes,Hypocreales,Hypocreaceae,Trichoderma
FOTU_8908,
FOTU_8902,
FOTU_8844,
FOTU_8909,
FOTU_8854,
FOTU_8883,
FOTU_8910,
FOTU_8875,
FOTU_8882,
FOTU_8873,
FOTU_8905,
FOTU_8924,
FOTU_8915,
FOTU_8896,
FOTU_8934,
FOTU_8880,
FOTU_8864,Fungi,Ascomycota,Sordariomycetes,Sordariales,Chaetomiaceae
FOTU_8920,
FOTU_8914,
FOTU_8872,
FOTU_8911,
FOTU_8898,
FOTU_8916,
FOTU_8931,
FOTU_8923,
FOTU_8912,Fungi,Ascomycota,Sordariomycetes
FOTU_8900,
FOTU_8928,
FOTU_8929,
FOTU_8897,
FOTU_8903,Fungi,Ascomycota,Sordariomycetes,Sordariales,Chaetomiaceae,Humicola,Humicola_sardiniae
FOTU_8865,
FOTU_8856,
FOTU_8886,
FOTU_8878,
FOTU_8927,
FOTU_8887,
FOTU_8936,
FOTU_8863,
FOTU_8932,
FOTU_8935,
FOTU_8949,
FOTU_8933,
FOTU_8946,
FOTU_8918,
FOTU_8891,
FOTU_8961,
FOTU_8938,
FOTU_8940,
FOTU_8922,
FOTU_8950,
FOTU_8939,
FOTU_8921,
FOTU_8959,
FOTU_8941,Fungi,Ascomycota,Dothideomycetes,Botryosphaeriales,Botryosphaeriaceae,Lasiodiplodia
FOTU_8919,
FOTU_8943,
FOTU_8917,
FOTU_8960,
FOTU_8937,
FOTU_8888,
FOTU_8893,
FOTU_8971,
FOTU_8957,
FOTU_8963,
FOTU_8925,
FOTU_8953,Fungi,Ascomycota,Sordariomycetes,Hypocreales,Nectriaceae,Fusarium
FOTU_8968,
FOTU_8973,
FOTU_8955,
FOTU_8962,
FOTU_8926,Fungi,Ascomycota,Dothideomycetes,Pleosporales,Cucurbitariaceae,Pyrenochaetopsis,Pyrenochaetopsis_tabarestanensis
FOTU_8913,
FOTU_8947,
FOTU_8942,
FOTU_8966,
FOTU_8954,Fungi,Ascomycota,Dothideomycetes,Pleosporales
FOTU_8985,
FOTU_8976,
FOTU_8974,
FOTU_8958,
FOTU_8944,
FOTU_8977,
FOTU_8991,
FOTU_8970,
FOTU_8930,
FOTU_8972,
FOTU_8948,
FOTU_8978,
FOTU_8965,
FOTU_8996,
FOTU_8998,
FOTU_8993,
FOTU_8956,
FOTU_8986,
FOTU_8945,
FOTU_8975,
FOTU_9005,
FOTU_9011,
FOTU_8992,
FOTU_8984,
FOTU_9007,
FOTU_9020,
FOTU_8982,
FOTU_8967,
FOTU_9008,
FOTU_8983,
FOTU_9021,
FOTU_9028,
FOTU_8990,
FOTU_9018,
FOTU_9006,
FOTU_8994,
FOTU_8969,
FOTU_9025,
FOTU_9029,
FOTU_9034,
FOTU_8999,
FOTU_8981,
FOTU_8951,
FOTU_9036,
FOTU_9039,
FOTU_9026,Fungi,Ascomycota,Sordariomycetes,Hypocreales,Hypocreaceae,Trichoderma
FOTU_8989,
FOTU_9031,
FOTU_9022,Fungi,Ascomycota,Dothideomycetes,Capnodiales,Cladosporiaceae,Cladosporium
FOTU_9032,
FOTU_9012,
FOTU_9041,
FOTU_8979,Fungi,Ascomycota,Sordariomycetes,Hypocreales,Nectriaceae,Fusarium,Fusarium_neocosmosporiellum
FOTU_9003,
FOTU_9014,Fungi,Ascomycota,Sordariomycetes,Sordariales,Chaetomiaceae
FOTU_8995,
FOTU_9016,
FOTU_8952,
FOTU_9013,
FOTU_9009,
FOTU_8997,
FOTU_8964,
FOTU_8988,
FOTU_9000,
FOTU_9027,
FOTU_9002,
FOTU_9037,
FOTU_9071,
FOTU_9054,
FOTU_8987,
FOTU_9060,
FOTU_9030,
FOTU_9004,
FOTU_9010,
FOTU_9044,
FOTU_9015,
FOTU_9019,
FOTU_9055,
FOTU_9065,
FOTU_9045,
FOTU_9063,
FOTU_9017,
FOTU_8980,
FOTU_9001,
FOTU_9074,
FOTU_9073,
FOTU_9070,
FOTU_9042,
FOTU_9043,
FOTU_9023,
FOTU_9053,
FOTU_9047,
FOTU_9058,
FOTU_9095,
FOTU_9059,
FOTU_9064,
FOTU_9035,
FOTU_9024,
FOTU_9079,
FOTU_9040,
FOTU_9086,
FOTU_9067,
FOTU_9090,
FOTU_9087,
FOTU_9066,
FOTU_9057,
FOTU_9061,
FOTU_9046,
FOTU_9080,
FOTU_9089,
FOTU_9081,
FOTU_9048,
FOTU_9093,
FOTU_9038,Fungi,Ascomycota,Dothideomycetes,Pleosporales,Sporormiaceae,Westerdykella
FOTU_9106,
FOTU_9096,
FOTU_9050,
FOTU_9099,
FOTU_9051,
FOTU_9052,
FOTU_9103,
FOTU_9069,
FOTU_9056,
FOTU_9049,
FOTU_9062,
FOTU_9107,
FOTU_9033,
FOTU_9075,
FOTU_9068,
FOTU_9076,
FOTU_9084,
FOTU_9082,
FOTU_9115,
FOTU_9098,
FOTU_9097,
FOTU_9094,
FOTU_9129,
FOTU_9083,
FOTU_9078,
FOTU_9088,
FOTU_9105,
FOTU_9104,
FOTU_9112,
FOTU_9109,
FOTU_9102,
FOTU_9126,
FOTU_9111,
FOTU_9100,
FOTU_9117,
FOTU_9077,Fungi,Ascomycota,Sordariomycetes,Hypocreales,Hypocreaceae,Trichoderma,Trichoderma_turrialbense
FOTU_9114,
FOTU_9132,
FOTU_9125,Fungi,Ascomycota,Sordariomycetes,Hypocreales
FOTU_9119,
FOTU_9118,
FOTU_9148,
FOTU_9130,
FOTU_9123,
FOTU_9085,
FOTU_9128,
FOTU_9091,
FOTU_9127,
FOTU_9142,
FOTU_9122,
FOTU_9150,
FOTU_9136,
FOTU_9092,
FOTU_9116,
FOTU_9072,
FOTU_9131,
FOTU_9101,
FOTU_9133,
FOTU_9120,
FOTU_9134,
FOTU_9167,
FOTU_9145,
FOTU_9124,
FOTU_9135,
FOTU_9138,
FOTU_9141,Fungi,Ascomycota,Sordariomycetes,Sordariales,Chaetomiaceae,Humicola,Humicola_sardiniae
FOTU_9171,
FOTU_9161,
FOTU_9168,
FOTU_9172,
FOTU_9158,
FOTU_9153,
FOTU_9121,
FOTU_9110,
FOTU_9157,
FOTU_9113,
FOTU_9137,
FOTU_9163,
FOTU_9108,
FOTU_9139,
FOTU_9173,
FOTU_9155,
FOTU_9166,
FOTU_9180,
FOTU_9177,
FOTU_9154,Fungi,Ascomycota,Sordariomycetes,Glomerellales,Plectosphaerellaceae,Gibellulopsis,Gibellulopsis_piscis
FOTU_9175,
FOTU_9144,
FOTU_9165,
FOTU_9188,
FOTU_9181,
FOTU_9147,
FOTU_9178,
FOTU_9186,
FOTU_9152,
FOTU_9156,
FOTU_9192,
FOTU_9174,Fungi,Ascomycota,Sordariomycetes,Sordariales,Chaetomiaceae,Humicola,Humicola_sardiniae
FOTU_9184,
FOTU_9176,
FOTU_9202,
FOTU_9193,
FOTU_9140,
FOTU_9208,
FOTU_9149,
FOTU_9189,
FOTU_9187,
FOTU_9160,
FOTU_9199,
FOTU_9182,
FOTU_9227,
FOTU_9206,
FOTU_9143,
FOTU_9151,
FOTU_9179,Fungi,Basidiomycota,Microbotryomycetes,Sporidiobolales,Sporidiobolaceae,Sporobolomyces
FOTU_9203,
FOTU_9146,
FOTU_9162,
FOTU_9214,
FOTU_9209,
FOTU_9185,
FOTU_9194,
FOTU_9224,
FOTU_9226,
FOTU_9212,
FOTU_9170,
FOTU_9201,
FOTU_9159,
FOTU_9200,
FOTU_9232,
FOTU_9183,
FOTU_9218,
FOTU_9233,
FOTU_9205,
FOTU_9221,
FOTU_9239,
FOTU_9220,
FOTU_9198,
FOTU_9234,
FOTU_9222,
FOTU_9230,
FOTU_9195,
FOTU_9196,
FOTU_9210,
FOTU_9191,
FOTU_9216,
FOTU_9238,
FOTU_9229,
FOTU_9243,
FOTU_9190,Fungi,Ascomycota,Sordariomycetes,Sordariales,Chaetomiaceae,Humicola,Humicola_sardiniae
FOTU_9169,
FOTU_9241,
FOTU_9204,
FOTU_9217,
FOTU_9231,
FOTU_9164,Fungi,Ascomycota,Sordariomycetes,Sordariales,Chaetomiaceae
FOTU_9223,
FOTU_9211,
FOTU_9213,
FOTU_9219,
FOTU_9246,
FOTU_9251,
FOTU_9197,
FOTU_9228,
FOTU_9249,
FOTU_9207,
FOTU_9247,
FOTU_9259,
FOTU_9258,Fungi,Ascomycota,Sordariomycetes,Hypocreales,Nectriaceae,Fusarium
FOTU_9237,
FOTU_9225,
FOTU_9244,
FOTU_9266,
FOTU_9236,
FOTU_9269,
FOTU_9260,
FOTU_9264,
FOTU_9252,
FOTU_9250,
FOTU_9271,
FOTU_9261,
FOTU_9215,
FOTU_9267,
FOTU_9235,Fungi,Mortierellomycota,Mortierellomycetes,Mortierellales,Mortierellaceae,Mortierella,Mortierella_calciphila
FOTU_9245,
FOTU_9277,
FOTU_9285,
FOTU_9300,
FOTU_9248,
FOTU_9293,
FOTU_9284,
FOTU_9298,
FOTU_9275,
FOTU_9272,
FOTU_9254,
FOTU_9240,
FOTU_9242,
FOTU_9292,
FOTU_9255,
FOTU_9286,
FOTU_9295,
FOTU_9273,
FOTU_9265,
FOTU_9276,
FOTU_9268,
FOTU_9323,
FOTU_9253,
FOTU_9270,
FOTU_9280,
FOTU_9291,
FOTU_9257,
FOTU_9297,
FOTU_9307,
FOTU_9274,
FOTU_9294,
FOTU_9304,
FOTU_9256,
FOTU_9278,
FOTU_9262,
FOTU_9283,
FOTU_9290,
FOTU_9296,
FOTU_9302,
FOTU_9288,
FOTU_9309,
FOTU_9328,
FOTU_9312,
FOTU_9299,
FOTU_9281,
FOTU_9310,
FOTU_9314,
FOTU_9303,
FOTU_9263,
FOTU_9289,
FOTU_9333,Fungi,Ascomycota,Eurotiomycetes,Eurotiales,Aspergillaceae,Talaromyces
FOTU_9306,
FOTU_9322,
FOTU_9282,
FOTU_9337,
FOTU_9320,
FOTU_9287,
FOTU_9331,
FOTU_9325,
FOTU_9301,
FOTU_9351,
FOTU_9321,
FOTU_9311,
FOTU_9347,
FOTU_9317,
FOTU_9335,
FOTU_9315,
FOTU_9308,
FOTU_9319,
FOTU_9338,
FOTU_9362,
FOTU_9318,
FOTU_9326,
FOTU_9329,
FOTU_9366,
FOTU_9341,
FOTU_9344,
FOTU_9369,
FOTU_9327,
FOTU_9305,
FOTU_9279,
FOTU_9379,
FOTU_9365,
FOTU_9360,
FOTU_9353,
FOTU_9336,
FOTU_9357,
FOTU_9345,
FOTU_9316,
FOTU_9343,Fungi,Ascomycota,Sordariomycetes,Hypocreales,Hypocreaceae,Trichoderma
FOTU_9324,
FOTU_9334,
FOTU_9348,
FOTU_9352,
FOTU_9359,
FOTU_9368,Fungi,Mortierellomycota,Mortierellomycetes,Mortierellales,Mortierellaceae,Mortierella
FOTU_9342,
FOTU_9367,
FOTU_9358,
FOTU_9378,
FOTU_9340,
FOTU_9346,
FOTU_9339,
FOTU_9364,
FOTU_9332,
FOTU_9383,
FOTU_9377,
FOTU_9330,
FOTU_9372,
FOTU_9374,
FOTU_9313,
FOTU_9361,
FOTU_9354,Fungi,Mortierellomycota,Mortierellomycetes,Mortierellales,Mortierellaceae,Mortierella
FOTU_9356,
FOTU_9391,
FOTU_9350,Fungi,Ascomycota,Eurotiomycetes,Eurotiales,Aspergillaceae,Penicillium
FOTU_9349,
FOTU_9389,
FOTU_9388,
FOTU_9382,
FOTU_9408,
FOTU_9363,
FOTU_9380,
FOTU_9370,
FOTU_9411,
FOTU_9407,
FOTU_9399,
FOTU_9387,
FOTU_9396,
FOTU_9371,
FOTU_9375,
FOTU_9373,
FOTU_9413,
FOTU_9385,
FOTU_9412,
FOTU_9397,
FOTU_9403,
FOTU_9414,
FOTU_9384,
FOTU_9390,
FOTU_9409,
FOTU_9400,
FOTU_9410,
FOTU_9355,
FOTU_9417,
FOTU_9416,
FOTU_9376,
FOTU_9423,
FOTU_9426,
FOTU_9405,
FOTU_9415,
FOTU_9421,
FOTU_9427,
FOTU_9392,
FOTU_9424,
FOTU_9394,
FOTU_9404,
FOTU_9440,
FOTU_9381,
FOTU_9393,
FOTU_9438,
FOTU_9418,
FOTU_9437,
FOTU_9428,
FOTU_9398,
FOTU_9401,
FOTU_9386,
FOTU_9443,
FOTU_9402,
FOTU_9455,
FOTU_9434,
FOTU_9442,
FOTU_9395,
FOTU_9419,
FOTU_9429,
FOTU_9433,
FOTU_9406,Fungi,Ascomycota,Sordariomycetes,Sordariales,Chaetomiaceae
FOTU_9436,
FOTU_9425,
FOTU_9480,
FOTU_9449,
FOTU_9465,
FOTU_9462,
FOTU_9452,
FOTU_9472,
FOTU_9445,
FOTU_9466,
FOTU_9467,
FOTU_9430,
FOTU_9473,
FOTU_9446,
FOTU_9435,Fungi,Ascomycota,Sordariomycetes,Hypocreales,Hypocreaceae,Trichoderma
FOTU_9458,
FOTU_9422,
FOTU_9471,
FOTU_9451,
FOTU_9481,
FOTU_9475,
FOTU_9463,
FOTU_9444,
FOTU_9492,
FOTU_9420,
FOTU_9441,
FOTU_9501,
FOTU_9486,
FOTU_9439,
FOTU_9468,
FOTU_9496,
FOTU_9479,
FOTU_9474,
FOTU_9431,
FOTU_9490,
FOTU_9493,
FOTU_9456,
FOTU_9450,
FOTU_9453,
FOTU_9503,
FOTU_9461,
FOTU_9488,
FOTU_9457,
FOTU_9498,
FOTU_9432,
FOTU_9477,
FOTU_9478,
FOTU_9448,
FOTU_9506,
FOTU_9495,
FOTU_9491,
FOTU_9510,
FOTU_9464,
FOTU_9494,
FOTU_9454,
FOTU_9459,
FOTU_9489,
FOTU_9460,
FOTU_9502,
FOTU_9485,
FOTU_9517,
FOTU_9525,
FOTU_9522,
FOTU_9484,
FOTU_9521,
FOTU_9476,
FOTU_9523,
FOTU_9487,
FOTU_9519,Fungi,Ascomycota,Sordariomycetes,Hypocreales,Hypocreaceae,Trichoderma
FOTU_9511,
FOTU_9513,
FOTU_9507,
FOTU_9529,
FOTU_9524,
FOTU_9516,
FOTU_9518,
FOTU_9482,
FOTU_9532,
FOTU_9505,
FOTU_9499,
FOTU_9534,
FOTU_9447,
FOTU_9469,
FOTU_9539,
FOTU_9533,
FOTU_9520,
FOTU_9535,
FOTU_9470,
FOTU_9538,
FOTU_9550,
FOTU_9500,
FOTU_9483,
FOTU_9508,
FOTU_9512,
FOTU_9546,
FOTU_9530,
FOTU_9551,
FOTU_9497,
FOTU_9536,
FOTU_9514,
FOTU_9553,
FOTU_9567,
FOTU_9540,
FOTU_9559,
FOTU_9544,
FOTU_9537,Fungi,Ascomycota,Eurotiomycetes,Eurotiales,Aspergillaceae,Talaromyces
FOTU_9527,
FOTU_9509,
FOTU_9528,
FOTU_9558,
FOTU_9547,
FOTU_9541,
FOTU_9504,Fungi,Ascomycota,Sordariomycetes,Hypocreales
FOTU_9548,
FOTU_9543,
FOTU_9562,
FOTU_9566,
FOTU_9565,
FOTU_9526,
FOTU_9545,
FOTU_9531,
FOTU_9554,
FOTU_9587,
FOTU_9570,
FOTU_9575,
FOTU_9555,
FOTU_9552,
FOTU_9556,
FOTU_9542,
FOTU_9515,
FOTU_9569,
FOTU_9557,
FOTU_9571,
FOTU_9581,
FOTU_9576,
FOTU_9549,
FOTU_9564,
FOTU_9560,
FOTU_9568,
FOTU_9602,
FOTU_9579,
FOTU_9608,
FOTU_9561,
FOTU_9597,
FOTU_9563,
FOTU_9572,
FOTU_9609,
FOTU_9607,
FOTU_9610,
FOTU_9582,Fungi,Ascomycota,Sordariomycetes,Hypocreales,Hypocreaceae,Trichoderma,Trichoderma_turrialbense
FOTU_9588,Fungi,Ascomycota,Sordariomycetes,Hypocreales,Hypocreaceae,Trichoderma
FOTU_9605,
FOTU_9578,
FOTU_9574,
FOTU_9593,
FOTU_9630,
FOTU_9619,
FOTU_9612,
FOTU_9616,
FOTU_9600,
FOTU_9626,
FOTU_9584,
FOTU_9598,
FOTU_9615,
FOTU_9594,
FOTU_9580,
FOTU_9577,
FOTU_9586,
FOTU_9604,
FOTU_9590,
FOTU_9585,
FOTU_9624,
FOTU_9583,
FOTU_9611,
FOTU_9627,
FOTU_9622,
FOTU_9631,
FOTU_9595,
FOTU_9592,
FOTU_9613,
FOTU_9596,
FOTU_9625,
FOTU_9620,
FOTU_9603,
FOTU_9634,
FOTU_9614,
FOTU_9618,
FOTU_9601,
FOTU_9573,
FOTU_9645,
FOTU_9635,
FOTU_9655,
FOTU_9636,
FOTU_9628,
FOTU_9633,
FOTU_9652,
FOTU_9658,
FOTU_9648,
FOTU_9640,
FOTU_9591,
FOTU_9642,
FOTU_9623,
FOTU_9643,
FOTU_9653,
FOTU_9644,
FOTU_9663,
FOTU_9641,Fungi,Basidiomycota,Agaricomycetes,Cantharellales,Ceratobasidiaceae,Ceratobasidium
FOTU_9654,
FOTU_9659,
FOTU_9674,
FOTU_9589,
FOTU_9646,
FOTU_9621,
FOTU_9599,
FOTU_9649,
FOTU_9666,
FOTU_9638,
FOTU_9606,
FOTU_9682,Fungi,Ascomycota,Sordariomycetes,Sordariales,Chaetomiaceae,Pseudothielavia,Pseudothielavia_arxii
FOTU_9651,
FOTU_9676,
FOTU_9678,
FOTU_9637,Fungi,Ascomycota,Sordariomycetes,Hypocreales,Hypocreaceae,Trichoderma
FOTU_9650,
FOTU_9664,
FOTU_9691,
FOTU_9647,
FOTU_9665,
FOTU_9669,
FOTU_9671,
FOTU_9632,Fungi,Basidiomycota,Tremellomycetes,Filobasidiales,Filobasidiaceae,Filobasidium
FOTU_9686,
FOTU_9693,
FOTU_9668,
FOTU_9656,
FOTU_9639,
FOTU_9629,
FOTU_9685,
FOTU_9689,Fungi,Ascomycota,Sordariomycetes,Hypocreales
FOTU_9617,
FOTU_9657,
FOTU_9660,
FOTU_9681,Fungi,Ascomycota,Eurotiomycetes,Eurotiales,Aspergillaceae
FOTU_9690,
FOTU_9679,
FOTU_9709,
FOTU_9716,
FOTU_9704,
FOTU_9697,
FOTU_9702,
FOTU_9661,
FOTU_9683,
FOTU_9695,
FOTU_9677,
FOTU_9723,
FOTU_9708,
FOTU_9698,
FOTU_9707,
FOTU_9667,
FOTU_9662,
FOTU_9684,
FOTU_9701,
FOTU_9670,
FOTU_9700,
FOTU_9712,
FOTU_9675,
FOTU_9727,
FOTU_9725,
FOTU_9672,
FOTU_9692,
FOTU_9722,
FOTU_9714,
FOTU_9718,
FOTU_9713,Fungi,Ascomycota,Sordariomycetes,Glomerellales,Plectosphaerellaceae,Gibellulopsis,Gibellulopsis_piscis
FOTU_9694,
FOTU_9699,
FOTU_9720,Fungi,Ascomycota,Sordariomycetes,Hypocreales
FOTU_9705,
FOTU_9703,
FOTU_9680,
FOTU_9710,
FOTU_9730,
FOTU_9715,
FOTU_9742,
FOTU_9747,
FOTU_9706,
FOTU_9724,
FOTU_9741,
FOTU_9721,
FOTU_9754,
FOTU_9717,
FOTU_9755,
FOTU_9729,
FOTU_9731,
FOTU_9756,
FOTU_9733,
FOTU_9762,
FOTU_9748,
FOTU_9743,
FOTU_9711,
FOTU_9696,
FOTU_9732,
FOTU_9673,
FOTU_9738,Fungi,Ascomycota,Sordariomycetes,Hypocreales
FOTU_9687,
FOTU_9726,Fungi,Ascomycota,Sordariomycetes,Sordariales,Chaetomiaceae,Humicola,Humicola_sardiniae
FOTU_9740,
FOTU_9734,
FOTU_9767,
FOTU_9737,
FOTU_9770,
FOTU_9760,
FOTU_9688,
FOTU_9739,
FOTU_9719,
FOTU_9764,
FOTU_9761,
FOTU_9744,
FOTU_9749,
FOTU_9766,
FOTU_9780,
FOTU_9776,
FOTU_9750,
FOTU_9735,
FOTU_9796,
FOTU_9745,
FOTU_9784,
FOTU_9795,
FOTU_9787,
FOTU_9798,
FOTU_9775,
FOTU_9783,
FOTU_9759,
FOTU_9746,
FOTU_9769,
FOTU_9752,Fungi,Ascomycota,Sordariomycetes,Sordariales,Chaetomiaceae
FOTU_9801,
FOTU_9789,
FOTU_9777,
FOTU_9809,
FOTU_9782,
FOTU_9778,
FOTU_9768,
FOTU_9781,
FOTU_9815,
FOTU_9799,
FOTU_9791,
FOTU_9790,
FOTU_9773,
FOTU_9728,
FOTU_9774,Fungi,Ascomycota,Eurotiomycetes,Eurotiales,Aspergillaceae,Penicillium
FOTU_9807,
FOTU_9812,
FOTU_9753,Fungi,Ascomycota,Eurotiomycetes,Eurotiales,Aspergillaceae,Talaromyces
FOTU_9785,
FOTU_9810,
FOTU_9779,
FOTU_9757,Fungi,Ascomycota,Sordariomycetes,Hypocreales
FOTU_9786,
FOTU_9817,
FOTU_9763,
FOTU_9771,
FOTU_9826,
FOTU_9816,Fungi,Ascomycota,Dothideomycetes,Mycosphaerellales,Mycosphaerellaceae,Zymoseptoria
FOTU_9792,
FOTU_9823,
FOTU_9804,
FOTU_9825,
FOTU_9813,
FOTU_9803,
FOTU_9827,
FOTU_9818,
FOTU_9806,
FOTU_9821,
FOTU_9794,
FOTU_9830,
FOTU_9788,
FOTU_9831,
FOTU_9824,
FOTU_9834,
FOTU_9751,
FOTU_9820,
FOTU_9802,
FOTU_9838,
FOTU_9736,
FOTU_9814,
FOTU_9840,
FOTU_9846,
FOTU_9847,
FOTU_9835,
FOTU_9843,
FOTU_9808,
FOTU_9844,
FOTU_9849,
FOTU_9793,
FOTU_9851,
FOTU_9854,
FOTU_9765,
FOTU_9772,
FOTU_9800,Fungi,Ascomycota,Sordariomycetes,Glomerellales,Plectosphaerellaceae,Gibellulopsis,Gibellulopsis_piscis
FOTU_9859,
FOTU_9829,
FOTU_9758,
FOTU_9832,
FOTU_9861,
FOTU_9864,
FOTU_9845,Fungi,Ascomycota,Sordariomycetes,Sordariales,Chaetomiaceae
FOTU_9850,
FOTU_9848,
FOTU_9868,
FOTU_9811,
FOTU_9822,
FOTU_9873,
FOTU_9828,
FOTU_9797,
FOTU_9882,
FOTU_9853,
FOTU_9836,
FOTU_9878,
FOTU_9866,
FOTU_9833,
FOTU_9870,
FOTU_9819,
FOTU_9856,
FOTU_9886,
FOTU_9880,
FOTU_9839,
FOTU_9875,
FOTU_9883,
FOTU_9855,
FOTU_9867,
FOTU_9892,
FOTU_9852,
FOTU_9841,
FOTU_9901,
FOTU_9887,
FOTU_9869,
FOTU_9896,
FOTU_9899,
FOTU_9860,Fungi,Ascomycota,Sordariomycetes,Hypocreales,Nectriaceae,Fusarium,Fusarium_equiseti
FOTU_9862,
FOTU_9871,
FOTU_9865,
FOTU_9881,Fungi,Basidiomycota,Cystobasidiomycetes,Erythrobasidiales,Erythrobasidiaceae,Erythrobasidium
FOTU_9805,
FOTU_9905,
FOTU_9889,
FOTU_9863,
FOTU_9857,
FOTU_9897,
FOTU_9900,
FOTU_9912,
FOTU_9902,
FOTU_9879,
FOTU_9906,
FOTU_9858,
FOTU_9842,
FOTU_9911,
FOTU_9872,
FOTU_9888,Fungi,Ascomycota,Sordariomycetes,Hypocreales
FOTU_9874,
FOTU_9895,
FOTU_9877,
FOTU_9898,
FOTU_9907,
FOTU_9894,
FOTU_9903,
FOTU_9915,
FOTU_9837,
FOTU_9876,
FOTU_9908,
FOTU_9904,
FOTU_9891,Fungi,Mortierellomycota,Mortierellomycetes,Mortierellales,Mortierellaceae,Mortierella
FOTU_9924,
FOTU_9927,
FOTU_9890,
FOTU_9925,
FOTU_9884,
FOTU_9918,
FOTU_9928,
FOTU_9934,
FOTU_9909,
FOTU_9938,
FOTU_9913,
FOTU_9922,
FOTU_9946,Fungi,Ascomycota,Dothideomycetes,Pleosporales
FOTU_9930,
FOTU_9926,
FOTU_9893,
FOTU_9951,
FOTU_9936,
FOTU_9941,
FOTU_9947,
FOTU_9919,
FOTU_9921,
FOTU_9949,
FOTU_9935,
FOTU_9954,
FOTU_9885,
FOTU_9917,
FOTU_9914,
FOTU_9910,
FOTU_9937,
FOTU_9923,
FOTU_9944,
FOTU_9916,
FOTU_9929,
FOTU_9948,Fungi,Ascomycota,Dothideomycetes
FOTU_9950,
FOTU_9942,
FOTU_9956,
FOTU_9931,
FOTU_9920,
FOTU_9933,
FOTU_9961,
FOTU_9955,
FOTU_9971,
FOTU_9953,
FOTU_9945,
FOTU_9959,
FOTU_9975,
FOTU_9932,
FOTU_9968,
FOTU_9940,
FOTU_9939,
FOTU_9964,
FOTU_9976,
FOTU_9943,
FOTU_9967,
FOTU_9986,
FOTU_9994,
FOTU_9958,
FOTU_9982,
FOTU_9952,
FOTU_9977,
FOTU_9962,
FOTU_9985,
FOTU_9999,
FOTU_9981,
FOTU_9998,
FOTU_9989,
FOTU_9966,
FOTU_9996,
FOTU_9997,
FOTU_10004,
FOTU_10001,
FOTU_9963,
FOTU_9969,
FOTU_9983,
FOTU_9957,
FOTU_10000,Fungi,Ascomycota,Eurotiomycetes,Eurotiales,Aspergillaceae,Talaromyces,Talaromyces_purpureogenus
FOTU_10006,
FOTU_10008,
FOTU_9992,
FOTU_9960,
FOTU_9965,
FOTU_9988,Fungi,Mortierellomycota,Mortierellomycetes,Mortierellales,Mortierellaceae,Mortierella
FOTU_9984,
FOTU_9973,
FOTU_9995,
FOTU_10032,
FOTU_10009,
FOTU_10028,
FOTU_9980,Fungi,Ascomycota,Sordariomycetes,Sordariales,Chaetomiaceae,Humicola,Humicola_sardiniae
FOTU_10026,
FOTU_10019,
FOTU_10017,
FOTU_10013,
FOTU_9993,
FOTU_10010,
FOTU_10007,Fungi,Ascomycota,Dothideomycetes,Mycosphaerellales,Mycosphaerellaceae,Zymoseptoria
FOTU_9972,
FOTU_9987,
FOTU_9978,
FOTU_9991,
FOTU_9974,Fungi,Ascomycota,Sordariomycetes,Hypocreales,Hypocreaceae,Trichoderma
FOTU_9970,
FOTU_10035,
FOTU_10015,
FOTU_9979,
FOTU_10039,
FOTU_10005,
FOTU_10011,
FOTU_10020,
FOTU_10037,
FOTU_10031,
FOTU_10042,
FOTU_10055,
FOTU_10059,
FOTU_10052,
FOTU_10018,
FOTU_10033,
FOTU_10024,
FOTU_10063,
FOTU_10064,
FOTU_10029,
FOTU_10065,
FOTU_10014,
FOTU_10030,
FOTU_10049,
FOTU_10067,
FOTU_10038,Fungi,Ascomycota,Sordariomycetes,Hypocreales
FOTU_10016,
FOTU_10046,
FOTU_10023,
FOTU_10058,
FOTU_10078,
FOTU_9990,
FOTU_10069,
FOTU_10012,
FOTU_10027,
FOTU_10066,
FOTU_10041,
FOTU_10040,
FOTU_10050,
FOTU_10071,
FOTU_10061,
FOTU_10043,
FOTU_10086,
FOTU_10070,
FOTU_10003,
FOTU_10034,
FOTU_10022,
FOTU_10025,
FOTU_10048,
FOTU_10045,
FOTU_10036,
FOTU_10021,Fungi,Ascomycota,Eurotiomycetes,Eurotiales,Aspergillaceae,Talaromyces
FOTU_10094,
FOTU_10060,Fungi,Ascomycota,Sordariomycetes,Hypocreales
FOTU_10080,
FOTU_10087,
FOTU_10085,
FOTU_10053,
FOTU_10002,Fungi,Ascomycota,Eurotiomycetes,Eurotiales,Aspergillaceae,Penicillium
FOTU_10096,
FOTU_10079,
FOTU_10044,
FOTU_10056,
FOTU_10068,
FOTU_10081,
FOTU_10054,
FOTU_10090,
FOTU_10073,
FOTU_10076,
FOTU_10088,
FOTU_10091,
FOTU_10095,
FOTU_10101,
FOTU_10089,
FOTU_10102,Fungi,Ascomycota,Sordariomycetes,Sordariales,Chaetomiaceae,Pseudothielavia,Pseudothielavia_arxii
FOTU_10057,Fungi,Ascomycota,Dothideomycetes,Pleosporales,Pleosporaceae,Alternaria
FOTU_10117,
FOTU_10082,
FOTU_10047,
FOTU_10083,Fungi,Ascomycota,Sordariomycetes,Sordariales,Chaetomiaceae
FOTU_10051,
FOTU_10062,
FOTU_10122,
FOTU_10110,
FOTU_10106,
FOTU_10084,
FOTU_10097,
FOTU_10107,Fungi,Ascomycota,Sordariomycetes
FOTU_10108,
FOTU_10105,
FOTU_10077,
FOTU_10093,
FOTU_10113,
FOTU_10075,
FOTU_10116,
FOTU_10112,
FOTU_10092,
FOTU_10123,
FOTU_10129,
FOTU_10125,
FOTU_10120,
FOTU_10144,
FOTU_10132,
FOTU_10099,
FOTU_10142,
FOTU_10135,
FOTU_10131,Fungi,Ascomycota,Sordariomycetes,Hypocreales,Nectriaceae,Fusarium
FOTU_10137,
FOTU_10119,
FOTU_10140,
FOTU_10072,
FOTU_10145,
FOTU_10128,
FOTU_10126,
FOTU_10103,
FOTU_10154,
FOTU_10074,
FOTU_10124,
FOTU_10147,
FOTU_10130,
FOTU_10098,
FOTU_10100,
FOTU_10115,
FOTU_10118,
FOTU_10165,
FOTU_10127,Fungi,Ascomycota,Sordariomycetes,Hypocreales,Nectriaceae,Fusarium,Fusarium_equiseti
FOTU_10148,
FOTU_10149,
FOTU_10157,
FOTU_10104,
FOTU_10111,
FOTU_10162,
FOTU_10141,
FOTU_10153,
FOTU_10114,
FOTU_10160,
FOTU_10172,
FOTU_10152,
FOTU_10173,
FOTU_10133,
FOTU_10109,
FOTU_10166,
FOTU_10143,
FOTU_10155,
FOTU_10136,
FOTU_10151,
FOTU_10177,
FOTU_10134,
FOTU_10170,
FOTU_10201,
FOTU_10174,
FOTU_10169,
FOTU_10163,
FOTU_10185,
FOTU_10196,
FOTU_10156,
FOTU_10161,
FOTU_10171,
FOTU_10139,
FOTU_10190,
FOTU_10180,
FOTU_10194,
FOTU_10175,
FOTU_10159,
FOTU_10192,
FOTU_10178,
FOTU_10167,
FOTU_10193,
FOTU_10168,
FOTU_10186,
FOTU_10198,
FOTU_10187,Fungi,Ascomycota,Sordariomycetes,Hypocreales,Nectriaceae,Fusarium
FOTU_10164,
FOTU_10184,
FOTU_10121,
FOTU_10181,
FOTU_10199,
FOTU_10204,
FOTU_10179,
FOTU_10189,
FOTU_10158,Fungi,Ascomycota,Sordariomycetes,Sordariales,Chaetomiaceae,Humicola,Humicola_sardiniae
FOTU_10188,
FOTU_10191,
FOTU_10202,
FOTU_10206,
FOTU_10146,
FOTU_10223,
FOTU_10215,Fungi,Ascomycota,Sordariomycetes,Hypocreales,Hypocreaceae,Trichoderma,Trichoderma_turrialbense
FOTU_10200,
FOTU_10217,
FOTU_10176,
FOTU_10225,
FOTU_10150,Fungi,Ascomycota,Eurotiomycetes,Eurotiales,Aspergillaceae,Penicillium
FOTU_10207,Fungi,Basidiomycota,Cystobasidiomycetes
FOTU_10205,
FOTU_10203,
FOTU_10231,
FOTU_10218,
FOTU_10138,
FOTU_10240,
FOTU_10183,
FOTU_10245,
FOTU_10210,
FOTU_10195,
FOTU_10222,
FOTU_10248,
FOTU_10252,
FOTU_10243,
FOTU_10232,
FOTU_10254,
FOTU_10208,
FOTU_10230,Fungi,Ascomycota,Eurotiomycetes,Eurotiales,Aspergillaceae
FOTU_10214,
FOTU_10253,
FOTU_10209,
FOTU_10182,
FOTU_10212,
FOTU_10213,
FOTU_10241,
FOTU_10197,
FOTU_10220,
FOTU_10224,
FOTU_10226,
FOTU_10246,
FOTU_10269,
FOTU_10228,
FOTU_10262,
FOTU_10244,
FOTU_10221,
FOTU_10263,
FOTU_10237,
FOTU_10211,
FOTU_10278,
FOTU_10235,
FOTU_10250,
FOTU_10242,Fungi,Ascomycota,Dothideomycetes,Pleosporales,Sporormiaceae,Westerdykella
FOTU_10270,
FOTU_10279,
FOTU_10238,
FOTU_10273,
FOTU_10236,
FOTU_10256,
FOTU_10219,Fungi,Ascomycota,Eurotiomycetes,Eurotiales,Aspergillaceae
FOTU_10239,
FOTU_10272,
FOTU_10257,
FOTU_10249,
FOTU_10281,
FOTU_10288,
FOTU_10276,
FOTU_10266,
FOTU_10280,
FOTU_10227,
FOTU_10284,
FOTU_10268,
FOTU_10216,Fungi,Ascomycota,Sordariomycetes,Glomerellales,Plectosphaerellaceae,Gibellulopsis,Gibellulopsis_piscis
FOTU_10274,
FOTU_10258,
FOTU_10267,
FOTU_10294,
FOTU_10298,
FOTU_10229,
FOTU_10277,
FOTU_10247,
FOTU_10261,
FOTU_10285,
FOTU_10305,
FOTU_10282,Fungi,Ascomycota,Sordariomycetes,Sordariales,Chaetomiaceae
FOTU_10307,
FOTU_10308,
FOTU_10302,
FOTU_10295,
FOTU_10293,
FOTU_10255,Fungi,Basidiomycota,Cystobasidiomycetes,Cystobasidiales,Cystobasidiaceae,Cystobasidium
FOTU_10251,
FOTU_10314,
FOTU_10303,
FOTU_10259,
FOTU_10316,
FOTU_10292,
FOTU_10299,
FOTU_10300,
FOTU_10326,
FOTU_10260,
FOTU_10265,
FOTU_10304,
FOTU_10321,
FOTU_10289,
FOTU_10312,
FOTU_10233,
FOTU_10341,
FOTU_10315,
FOTU_10264,Fungi,Basidiomycota,Exobasidiomycetes,Entylomatales,Entylomataceae,Tilletiopsis,Tilletiopsis_lilacina
FOTU_10313,
FOTU_10311,
FOTU_10333,
FOTU_10325,
FOTU_10234,
FOTU_10287,
FOTU_10296,
FOTU_10301,
FOTU_10286,
FOTU_10335,
FOTU_10322,
FOTU_10306,
FOTU_10317,
FOTU_10332,
FOTU_10327,
FOTU_10319,
FOTU_10329,
FOTU_10320,
FOTU_10324,
FOTU_10346,
FOTU_10331,
FOTU_10336,
FOTU_10275,
FOTU_10356,
FOTU_10343,
FOTU_10328,
FOTU_10309,
FOTU_10310,
FOTU_10271,
FOTU_10353,
FOTU_10339,
FOTU_10283,Fungi,Ascomycota,Sordariomycetes,Hypocreales,Hypocreaceae,Trichoderma
FOTU_10345,
FOTU_10357,
FOTU_10365,
FOTU_10318,Fungi,Ascomycota,Sordariomycetes,Sordariales,Chaetomiaceae,Humicola,Humicola_sardiniae
FOTU_10291,
FOTU_10360,
FOTU_10376,
FOTU_10368,
FOTU_10338,
FOTU_10297,
FOTU_10367,
FOTU_10366,
FOTU_10352,Fungi,Ascomycota,Sordariomycetes,Sordariales,Chaetomiaceae,Humicola,Humicola_sardiniae
FOTU_10290,Fungi,Ascomycota,Eurotiomycetes,Eurotiales,Aspergillaceae
FOTU_10349,
FOTU_10334,
FOTU_10337,
FOTU_10347,
FOTU_10342,
FOTU_10379,
FOTU_10358,
FOTU_10377,
FOTU_10382,
FOTU_10364,
FOTU_10369,
FOTU_10380,
FOTU_10381,
FOTU_10361,
FOTU_10330,
FOTU_10363,
FOTU_10375,
FOTU_10392,
FOTU_10359,
FOTU_10390,
FOTU_10374,
FOTU_10323,
FOTU_10385,
FOTU_10351,Fungi,Ascomycota,Eurotiomycetes,Eurotiales,Aspergillaceae,Talaromyces
FOTU_10383,
FOTU_10402,
FOTU_10384,
FOTU_10388,
FOTU_10403,
FOTU_10406,Fungi,Ascomycota,Dothideomycetes,Pleosporales,Cucurbitariaceae,Pyrenochaetopsis,Pyrenochaetopsis_tabarestanensis
FOTU_10355,
FOTU_10372,
FOTU_10389,Fungi,Basidiomycota,Agaricomycetes,Cantharellales,Ceratobasidiaceae,Rhizoctonia,Rhizoctonia_solani
FOTU_10340,
FOTU_10387,
FOTU_10401,
FOTU_10407,
FOTU_10371,
FOTU_10373,
FOTU_10409,
FOTU_10370,
FOTU_10354,
FOTU_10378,Fungi,Ascomycota,Eurotiomycetes,Eurotiales,Aspergillaceae,Talaromyces,Talaromyces_domesticus
FOTU_10362,
FOTU_10405,
FOTU_10418,
FOTU_10394,
FOTU_10427,
FOTU_10348,
FOTU_10344,
FOTU_10410,
FOTU_10423,Fungi,Ascomycota,Sordariomycetes,Hypocreales,Hypocreaceae,Trichoderma
FOTU_10400,
FOTU_10439,
FOTU_10386,
FOTU_10399,
FOTU_10395,
FOTU_10438,
FOTU_10422,
FOTU_10415,
FOTU_10437,
FOTU_10396,
FOTU_10411,
FOTU_10426,
FOTU_10350,
FOTU_10449,
FOTU_10404,
FOTU_10393,
FOTU_10451,
FOTU_10416,
FOTU_10414,
FOTU_10433,
FOTU_10453,
FOTU_10398,
FOTU_10425,
FOTU_10397,
FOTU_10412,
FOTU_10448,
FOTU_10429,
FOTU_10440,
FOTU_10443,
FOTU_10461,
FOTU_10430,
FOTU_10420,
FOTU_10446,
FOTU_10417,
FOTU_10436,
FOTU_10421,
FOTU_10419,
FOTU_10450,Fungi,Ascomycota,Sordariomycetes,Hypocreales
FOTU_10459,
FOTU_10441,
FOTU_10468,
FOTU_10428,
FOTU_10471,
FOTU_10445,
FOTU_10472,
FOTU_10435,
FOTU_10434,
FOTU_10444,
FOTU_10455,
FOTU_10458,
FOTU_10408,
FOTU_10483,
FOTU_10465,
FOTU_10466,
FOTU_10478,
FOTU_10431,
FOTU_10482,Fungi,Ascomycota,Sordariomycetes,Sordariales,Chaetomiaceae,Humicola,Humicola_sardiniae
FOTU_10469,
FOTU_10488,Fungi,Ascomycota,Sordariomycetes,Hypocreales
FOTU_10479,Fungi,Ascomycota,Dothideomycetes,Pleosporales
FOTU_10486,
FOTU_10485,
FOTU_10481,
FOTU_10391,
FOTU_10491,
FOTU_10454,
FOTU_10424,
FOTU_10432,Fungi,Ascomycota,Sordariomycetes,Hypocreales,Sesquicillium
FOTU_10501,
FOTU_10512,
FOTU_10496,
FOTU_10457,
FOTU_10456,
FOTU_10495,
FOTU_10508,
FOTU_10514,
FOTU_10475,
FOTU_10447,
FOTU_10474,
FOTU_10493,
FOTU_10452,
FOTU_10463,
FOTU_10442,
FOTU_10498,
FOTU_10513,
FOTU_10507,Fungi,Ascomycota,Sordariomycetes,Sordariales,Chaetomiaceae,Humicola,Humicola_sardiniae
FOTU_10470,
FOTU_10413,Fungi,Ascomycota,Sordariomycetes,Sordariales,Chaetomiaceae,Humicola,Humicola_sardiniae
FOTU_10492,Fungi,Ascomycota,Dothideomycetes,Mycosphaerellales,Mycosphaerellaceae,Zymoseptoria
FOTU_10473,
FOTU_10503,
FOTU_10484,
FOTU_10477,
FOTU_10517,
FOTU_10526,
FOTU_10460,
FOTU_10522,
FOTU_10520,
FOTU_10467,
FOTU_10476,
FOTU_10525,
FOTU_10504,
FOTU_10518,Fungi,Ascomycota,Sordariomycetes,Hypocreales
FOTU_10505,
FOTU_10490,
FOTU_10462,
FOTU_10509,
FOTU_10523,
FOTU_10464,
FOTU_10494,
FOTU_10506,
FOTU_10516,
FOTU_10499,
FOTU_10528,
FOTU_10489,
FOTU_10535,
FOTU_10532,
FOTU_10480,
FOTU_10536,
FOTU_10511,
FOTU_10524,
FOTU_10487,
FOTU_10543,
FOTU_10500,
FOTU_10561,
FOTU_10515,
FOTU_10510,
FOTU_10551,
FOTU_10544,
FOTU_10531,
FOTU_10546,
FOTU_10542,
FOTU_10530,Fungi,Ascomycota,Eurotiomycetes,Eurotiales,Aspergillaceae,Talaromyces,Talaromyces_domesticus
FOTU_10548,
FOTU_10529,
FOTU_10540,
FOTU_10552,
FOTU_10537,
FOTU_10549,
FOTU_10519,
FOTU_10555,
FOTU_10559,
FOTU_10502,
FOTU_10541,
FOTU_10554,
FOTU_10547,
FOTU_10571,
FOTU_10545,
FOTU_10538,Fungi,Ascomycota,Sordariomycetes,Hypocreales
FOTU_10562,Fungi,Ascomycota,Dothideomycetes,Capnodiales,Cladosporiaceae,Cladosporium
FOTU_10578,
FOTU_10550,
FOTU_10573,
FOTU_10560,
FOTU_10572,
FOTU_10583,
FOTU_10533,
FOTU_10497,
FOTU_10575,
FOTU_10521,
FOTU_10556,
FOTU_10584,
FOTU_10567,
FOTU_10596,
FOTU_10566,
FOTU_10585,
FOTU_10590,
FOTU_10557,
FOTU_10564,
FOTU_10574,
FOTU_10603,
FOTU_10527,Fungi,Mortierellomycota,Mortierellomycetes,Mortierellales,Mortierellaceae,Mortierella,Mortierella_calciphila
FOTU_10553,
FOTU_10580,
FOTU_10597,
FOTU_10577,
FOTU_10565,
FOTU_10534,
FOTU_10581,
FOTU_10599,
FOTU_10576,
FOTU_10558,
FOTU_10598,
FOTU_10600,
FOTU_10601,
FOTU_10586,
FOTU_10589,
FOTU_10588,
FOTU_10620,
FOTU_10622,
FOTU_10591,
FOTU_10582,
FOTU_10595,
FOTU_10619,
FOTU_10631,
FOTU_10570,
FOTU_10568,
FOTU_10616,
FOTU_10587,
FOTU_10608,
FOTU_10632,
FOTU_10602,
FOTU_10612,
FOTU_10628,
FOTU_10627,
FOTU_10539,
FOTU_10605,
FOTU_10645,
FOTU_10614,Fungi,Ascomycota,Sordariomycetes,Hypocreales,Sesquicillium
FOTU_10630,
FOTU_10637,
FOTU_10646,
FOTU_10604,
FOTU_10569,
FOTU_10625,
FOTU_10613,
FOTU_10610,
FOTU_10617,
FOTU_10563,
FOTU_10607,
FOTU_10626,
FOTU_10624,
FOTU_10648,
FOTU_10650,
FOTU_10621,Fungi,Ascomycota,Sordariomycetes,Glomerellales,Plectosphaerellaceae,Gibellulopsis,Gibellulopsis_piscis
FOTU_10653,Fungi,Ascomycota,Sordariomycetes,Sordariales,Chaetomiaceae
FOTU_10634,
FOTU_10635,
FOTU_10609,
FOTU_10579,
FOTU_10662,
FOTU_10652,
FOTU_10642,
FOTU_10649,
FOTU_10629,
FOTU_10618,
FOTU_10592,
FOTU_10636,
FOTU_10657,
FOTU_10658,
FOTU_10633,
FOTU_10593,
FOTU_10684,
FOTU_10667,
FOTU_10638,
FOTU_10668,
FOTU_10594,
FOTU_10651,
FOTU_10615,
FOTU_10623,
FOTU_10676,
FOTU_10647,
FOTU_10606,Fungi,Mortierellomycota,Mortierellomycetes,Mortierellales,Mortierellaceae
FOTU_10665,
FOTU_10660,
FOTU_10643,
FOTU_10685,
FOTU_10664,
FOTU_10644,
FOTU_10611,
FOTU_10639,
FOTU_10655,
FOTU_10656,
FOTU_10687,
FOTU_10641,
FOTU_10666,
FOTU_10661,
FOTU_10681,
FOTU_10688,
FOTU_10659,
FOTU_10663,
FOTU_10680,
FOTU_10678,
FOTU_10686,
FOTU_10692,
FOTU_10694,
FOTU_10640,
FOTU_10675,
FOTU_10679,
FOTU_10693,
FOTU_10670,Fungi,Ascomycota,Sordariomycetes,Hypocreales,Hypocreaceae,Trichoderma
FOTU_10682,Fungi,Ascomycota,Sordariomycetes,Hypocreales
FOTU_10654,
FOTU_10677,
FOTU_10671,Fungi,Ascomycota,Sordariomycetes,Hypocreales,Nectriaceae,Fusarium
FOTU_10674,
FOTU_10669,
FOTU_10696,
FOTU_10683,
FOTU_10690,
FOTU_10689,
FOTU_10691,
FOTU_10672,
FOTU_10695,
FOTU_10697,
FOTU_10673,
